1	P		
2	P		
3	P		CAPSTONE PROJECT REPORT
4	P		Urban Service Interaction and Feedback Ecosystem
5	P		Capstone Project Document
6	P		
7	P		– Ho Chi Minh City, September 2026 –
8	P		 
9	T	row1	Project title: Urban Service Interaction and Feedback Ecosystem
10	T	row2	Group Members | Kiều Việt Anh (SE182347) Nguyễn Hữu Giàu (SE150014) Vũ Đức Mạnh (SE184935) Văn Đình Quốc (SE173712)
11	T	row3	Supervisor | Trần Thanh Nguyên
12	T	row4	Ext Supervisor | 
13	T	row5	Capstone Project code | SU26SE058
14	P		 
15	P		Table of Contents
16	P	TOC1	 I. Project Introduction 9
17	P	TOC2	 1. Overview 9
18	P	TOC3	 1.1 Project Information 9
19	P	TOC3	 1.2 Project Team 9
20	P	TOC2	 2. Product Background 9
21	P	TOC2	 3. Existing Systems 10
22	P	TOC3	 3.1 Hue-S 10
23	P	TOC3	 3.2 FixMyStreet 11
24	P	TOC3	 3.3 Freshdesk 12
25	P	TOC3	 3.4 Summary of Existing Systems 13
26	P	TOC2	 4. Business Opportunity 14
27	P	TOC2	 5. Software Product Vision 14
28	P	TOC2	 6. Project Scope & Limitations 15
29	P	TOC3	 6.1 Major Features 15
30	P	TOC3	 6.1.1. Feedback Intake & Data Processing 15
31	P	TOC3	 6.1.2. AI-powered Processing 15
32	P	TOC3	 6.1.3. Incident Handling, Assignment & SLA Management 16
33	P	TOC3	 6.1.4. Service Provider Coordination 16
34	P	TOC3	 6.1.5. Community, Communication & Notification 17
35	P	TOC3	 6.1.6. Monitoring, Analytics & Administration 17
36	P	TOC3	 6.2 Limitations & Exclusions 18
37	P	TOC1	  I. II. Project Management Plan 20
38	P	TOC2	  1. Overview 20
39	P	TOC3	  1.1 Scope & Estimation 20
40	P	TOC3	  1.2 Project Objectives 23
41	P	TOC3	  1.3 Project Risks 25
42	P	TOC2	  2. Management Approach 27
43	P	TOC3	  2.1 Project Process 27
44	P	TOC3	  2.2 Quality Management 27
45	P	TOC3	  2.3 Training Plan 29
46	P	TOC2	  3. Project Deliverables 29
47	P	TOC2	  4. Responsibility Assignments 30
48	P	TOC2	  5. Project Communications 34
49	P	TOC2	  6. Configuration Management 2
50	P	TOC3	  6.1 Document Management 2
51	P	TOC3	  6.2 Source Code Management 2
52	P	TOC3	  6.3 Tools & Infrastructures 3
53	P	TOC1	 III. Software Requirement Specification 4
54	P	TOC2	 1. Product Overview 4
55	P	TOC2	 2. User Requirements 4
56	P	TOC3	 2.1 Actors 4
57	P	TOC3	 2.2 Use Cases 5
58	P	TOC2	 3. Functional Requirements 9
59	P	TOC3	 3.1 System Functional Overview 9
60	P	TOC3	 3.2 Common Functions 17
61	P	TOC3	 3.3 Resident Functions 21
62	P	TOC3	 3.4 System Staff Functions 28
63	P	TOC3	 3.5 Interaction Manager Functions 35
64	P	TOC3	 3.6 System Administrator Functions 42
65	P	TOC3	 3.7 Service Role and Integration Functions 48
66	P	TOC2	 4. Non-Functional Requirements 49
67	P	TOC3	 4.1 External Interfaces 49
68	P	TOC3	 4.2 Quality Attributes 49
69	P	TOC2	 5. Requirement Appendix 50
70	P	TOC3	 5.1 Business Rules 50
71	P	TOC3	 5.2 Common Requirements 57
72	P	TOC3	 5.3 Application Messages List 58
73	P	TOC3	 5.4 Other Requirements 68
74	P	TOC1	 IV. Software Design Document 69
75	P	TOC2	 1. System Design 69
76	P	TOC3	 1.1 System Architecture 69
77	P	TOC3	 1.2 Package Diagram 71
78	P	TOC2	 2. Database Design 75
79	P	TOC2	 3. Detailed Design 81
80	P	TOC3	 3.1 Class diagram 81
81	P	TOC1	 V. Software Testing Documentation 114
82	P	TOC2	 1. Scope of Testing 114
83	P	TOC3	 1.1 Testing Objectives 114
84	P	TOC3	 1.2 Out of Scope 114
85	P	TOC2	 2. Test Strategy 114
86	P	TOC3	 2.1 Testing Types 114
87	P	TOC3	 2.2 Test Levels 115
88	P	TOC3	 2.3 Supporting Tools 115
89	P	TOC3	 2.4 Automated Testing 115
90	P	TOC2	 3. Test Plan 115
91	P	TOC3	 3.1 Human Resources 115
92	P	TOC3	 3.2 Test Environment 115
93	P	TOC3	 3.3 Test Data 116
94	P	TOC3	 3.4 Test Milestones 116
95	P	TOC3	 3.5 Entry and Exit Criteria 116
96	P	TOC2	 4. Manual / System Test Cases 116
97	P	TOC3	 4.1 Authentication Module 116
98	P	TOC3	 4.2 Resident Module 117
99	P	TOC3	 4.3 System Staff - Incident Workspace 117
100	P	TOC3	 4.4 Interaction Manager Module 117
101	P	TOC3	 4.5 System Administrator Module 118
102	P	TOC2	 5. Test Reports 118
103	P	TOC3	 5.1 Evidence Sources and Result Separation 118
104	P	TOC3	 5.2 Backend Unit Test Execution Summary 119
105	P	TOC3	 5.3 Backend Unit Test Case Matrix 119
106	P	TOC3	 5.4 Manual / System Test Execution Summary 120
107	P	TOC3	 5.5 Automated Web E2E Testing (Playwright) 120
108	P	TOC3	 5.6 Defect Report 120
109	P	TOC3	 5.7 User Acceptance Testing (UAT) 121
110	P	TOC3	 5.8 Traceability Notes 121
111	P	TOC3	 5.9 Final Conclusion 121
112	P	TOC1	 Appendix A - Evidence References 122
113	P	TOC1	 VI. Release Package & User Guides 123
114	P	TOC2	 1. Deliverable Package 123
115	P	TOC2	 2. Installation Guides 123
116	P	TOC3	 2.1 System Requirements 123
117	P	TOC3	 2.2 Installation Instruction 124
118	P	TOC2	 3. User Manual 124
119	P	TOC3	 3.1 Overview 124
120	P	TOC3	 3.2 Workflow 1: User Authentication and Account Access 124
121	P	TOC3	 Purpose 124
122	P	TOC3	 A. User Registration 124
123	P	TOC3	 B. User Login 126
124	P	TOC3	 C. Forgot Password 128
125	P	TOC3	 D. Role-based Access 130
126	P	TOC3	 3.3 Workflow 2: Citizen Feedback Submission and Tracking 131
127	P	TOC3	 Purpose 131
128	P	TOC3	 A. Submit a New Feedback 131
129	P	TOC3	 B. View My Feedback 135
130	P	TOC3	 C. View Feedback Details and Processing Progress 137
131	P	TOC3	 D. View the Final Processing Result 138
132	P	TOC3	 E. Rate the Processing Result 140
133	P	TOC3	 3.4 Workflow 3: Citizen AI Assistant and Private Support Conversation 141
134	P	TOC3	 Purpose 141
135	P	TOC3	 A. Open the Support Center 141
136	P	TOC3	 B. Chat with the AI Assistant 142
137	P	TOC3	 C. Manage AI Conversations 143
138	P	TOC3	 D. Create Feedback with AI Assistance 145
139	P	TOC3	 E. Private Conversation with Staff 148
140	P	TOC3	 3.5 Workflow 4: Community Incident Monitoring 150
141	P	TOC3	 Purpose 150
142	P	TOC3	 A. View the Community Feed 150
143	P	TOC3	 B. View Community Incident Details 152
144	P	TOC3	 C. Monitor Incidents on the Community Map 153
145	P	TOC3	 D. View Area Alerts 156
146	P	TOC3	 3.6 Workflow 5: Staff Assigned Incident Review and Processing 158
147	P	TOC3	 3.7 Workflow 6: Staff Provider Coordination and Resolution Submission 163
148	P	TOC3	 3.8 Workflow 7: Manager Feedback Review and Incident Creation/Linking 170
149	P	TOC3	 3.9 Workflow 8: Manager Incident Management and Duplicate Handling 174
150	P	TOC3	 3.10 Workflow 9: Manager Resolution Approval and Operational Control 179
151	P	TOC3	 3.11 Workflow 10: Manager Analytics and Monitoring 186
152	P	TOC3	 3.12 Workflow 11: Administrator System Management 189
153	P	TOC3	 3.13 Workflow 12: Notifications, Profile, and Personal Settings 197
154	P	TOC3	
155	P		 
156	P		Acknowledgement
157	P		First of all, we would like to express our sincere thanks and gratitude to our supervisor, Mr. Trần Thanh Nguyên, for his guidance, feedback and support throughout the UrbanMind capstone project.
158	P		We also want to thank our friends, brothers, and teachers who have helped us. Many times, when we are lost, there are our friends, brothers, and teachers who always help us find the way out, as well as spiritually supporting us. We are grateful for every meeting, every appointment at the library to provide technical and business support for the project, for each constructive review session.
159	P		Last but not least, we give our thanks to ourselves. People who have been very resilient through this project, many times want to give up. But in the end, we are still here, 4 people are still working together on this project till the end. We are very proud of ourselves for trying so relentlessly. Whatever the outcome, I am Nguyen Thanh Nam, feel so lucky and proud to work with such a team Vong Tai Dong, Truong Thien Loc and Vo Hoang Tuan Kiet, you guys are the reasons for me to continue until now. Thanks everyone. Let's fight together till the end.
160	P		Definition and Acronyms
161	T	row1	Acronym | Definition
162	T	row2	FE | Feature
163	T	row3	LI | Limitation
164	T	row4	UI | User Interface
165	T	row5	SLA | Service Level Agreement
166	T	row6	AI | Artificial Intelligence
167	T	row7	RBAC | Role-Based Access Control
168	T	row8	JWT | JSON Web Token
169	T	row9	ERD | Entity Relationship Diagram
170	T	row10	API | Application Programming Interface
171	T	row11	DTO | Data Transfer Object
172	T	row12	OA | Official Account
173	T	row13	SRS | Software Requirement Specification
174	T	row14	SDD | Software Design Description
175	P		
176	P		
177	P		 
178	P	Heading1	I. Project Introduction
179	P	Heading2	1. Overview
180	P	Heading3	1.1 Project Information
181	P		Project name: Urban Service Interaction and Feedback Ecosystem
182	P		Product name: UrbanMind
183	P		Project code: SU26SE058
184	P		Group name: GSU40
185	P		Software type: Web Application, Android Mobile Application, Web-based Operation Portals, API-based Backend System, and a Facebook Messenger intake channel
186	P	Heading3	1.2 Project Team
187	T	row1	Full Name | Role | Email | Mobile
188	T	row2	Trần Thanh Nguyên | Lecturer | NguyenTT15@fe.edu.vn | 
189	T	row3	Kiều Việt Anh | Leader | AnhKVSE182347@fpt.edu.vn | 0346610126
190	T	row4	Nguyễn Hữu Giàu | Member | GiauNHSE150014@fpt.edu.vn | 0834339521
191	T	row5	Vũ Đức Mạnh | Member | ManhVDSE184935@fpt.edu.vn | 0837820957
192	T	row6	Văn Đình Quốc | Member | QuocVDSE173712@fpt.edu.vn | 0868409279
193	P		
194	P	Heading2	2. Product Background
195	P		Urban areas are facing an increasing number of environmental and public service issues such as illegal waste disposal, damaged infrastructure, drainage problems, public lighting failures and unsafe public spaces. Residents often do not know which unit is responsible for a particular issue and have to rely on hotlines, social media posts or informal communication channels, so many reports are lost, duplicated or answered late.
196	P		On the operating side, the unit that receives these reports has to read free-text descriptions, identify the location, decide which area is responsible, assign a handler, coordinate with external service providers and answer the resident. Without a single system that keeps the whole history in one place, the result is a slow response, repeated work on the same problem and poor visibility of processing progress.
197	P		UrbanMind is proposed as an AI-powered Urban Service Interaction and Feedback Ecosystem that connects residents, system staff, interaction managers, service provider coordinators and administrators. A resident can send a report from the web application, the Android application or a Facebook Messenger conversation. Each report is screened by staff, grouped into an incident, routed to the responsible operating area and tracked against a service-level target until it is resolved and reviewed.
198	P		The system uses AI as an assistant, not as a decision maker. A self-hosted vision-language model reads the description together with the attached images and suggests a service category, an operating area, a sentiment, an urgency and a severity level, produces a short summary and proposes possible duplicates. Staff review every suggestion and can correct it before the report is processed officially.
199	P		Beyond individual reports, the platform publishes a community feed and map of verified incidents, so that residents can follow, comment on and support the issues in their neighbourhood, subscribe to the areas they care about and receive an alert when something important happens there.
200	P		
201	P		
202	P	Heading2	3. Existing Systems
203	P		
204	P	Heading3	3.1 Hue-S
205	P		Hue-S is a smart urban platform developed in Thua Thien Hue, Viet Nam, which includes a field feedback service for receiving and processing citizen reports. Since 2018 the platform has been used to collect feedback, opinions and concerns from residents and to route them to the relevant government authority for handling.
206	P		The system acts as a bridge between citizens and local government, ensuring that urban issues are reported, tracked and resolved. Hue-S is a practical reference for the lifecycle of a citizen report and for the way processing progress is published back to the reporter.
207	P		Main actors
208	P		Citizen: submits field feedback or incident reports.
209	P		Receiving staff: screens incoming reports and forwards them to the responsible unit.
210	P		Handling agency: resolves the issues assigned to it.
211	P		Supervising unit: monitors processing progress and response quality.
212	P		Administrator: manages the platform and its configuration.
213	P		Key Features
214	P		Submit field feedback: citizens report urban issues such as infrastructure damage, environmental problems or public service concerns.
215	P		Track feedback status: citizens follow the progress of their submitted reports.
216	P		Public feedback information: selected reports and violations are displayed publicly for transparency.
217	P		Government-side processing: authorities receive, assign and handle the reported issues.
218	P		Pros
219	P		Real-world public-sector urban feedback model.
220	P		Strong support for citizen-to-government interaction.
221	P		Proven practical deployment in Viet Nam.
222	P		Provides a clear reference for the feedback lifecycle and for status monitoring.
223	P		Cons / Limitations
224	P		Primarily focused on basic feedback intake and processing.
225	P		Limited support for interaction history and multi-turn communication tracking.
226	P		No AI-assisted classification, summarisation or severity suggestion.
227	P		No automatic duplicate detection or grouping of related reports.
228	P		Limited service-level monitoring of response and resolution deadlines.
229	P		Limited coordination workflow with external service providers.
230	P		Limited community interaction around the published reports.
231	P	Heading3	3.2 FixMyStreet
232	P		FixMyStreet is an open-source platform developed by mySociety in the United Kingdom that lets citizens report local street and public-space problems such as potholes, broken street lighting, graffiti or fly-tipping. A report is created by pinning its exact position on a map, adding a description and attaching photos, and the platform forwards it to the authority responsible for that location.
233	P		All reports are published on a public map, so anyone can see what has been reported nearby and whether it has been fixed. FixMyStreet is a useful reference for map-centred reporting and for publishing citizen reports transparently.
234	P		Main Actors
235	P		Citizen: creates a report by selecting its location on the map and follows the response.
236	P		Local authority staff: receive the reports for their area and update the outcome.
237	P		Public viewer: browses the reported and fixed problems on the public map.
238	P		Administrator: manages categories, authority contact data and moderation.
239	P		Key Features
240	P		Map-based reporting: the reporter pins the exact position of the problem instead of typing an address.
241	P		Automatic routing of a report to the authority responsible for the reported location.
242	P		Public report map: every report and its status are visible to everyone.
243	P		Email updates: the reporter is notified when the status of the report changes.
244	P		Open source and open data: the platform and the report data are openly available.
245	P		Pros
246	P		Simple and proven citizen reporting flow centred on the map.
247	P		Strong transparency: every report is public by default.
248	P		Automatic routing of a report to the authority responsible for the location.
249	P		Open-source implementation that can be studied and reused.
250	P		Low barrier of entry for residents; no complex form is required.
251	P		Cons / Limitations
252	P		No AI-assisted classification, summarisation or severity suggestion.
253	P		No automatic duplicate detection or merging of related reports.
254	P		No service-level agreement tracking with response and resolution deadlines.
255	P		No internal assignment workflow between staff, managers and service providers.
256	P		No coordination or contract management with external service providers.
257	P		Intake is limited to the web channel; there is no chatbot intake through messaging platforms.
258	P		No conversational channel between the reporter and the handling staff inside the platform.
259	P		Analytics are limited; there is no operational dashboard for sentiment or hotspot monitoring.
260	P		
261	P	Heading3	3.3 Freshdesk
262	P		Freshdesk is a cloud-based customer support and ticket management platform developed by Freshworks. The system helps organizations receive, manage, assign, and track customer requests from multiple communication channels in a centralized environment.
263	P		Although Freshdesk is not specifically designed for urban service management, it provides many useful concepts for ticket lifecycle management, customer interaction tracking, and service quality monitoring.
264	P		Main Actors
265	P		Customer: submits a support request through one of the supported channels.
266	P		Support agent: receives and resolves the assigned tickets.
267	P		Team supervisor: monitors workload, response time and service quality.
268	P		System administrator: manages the account, the workflow rules and the configuration.
269	P		Key Features
270	P		Multi-channel Ticket Collection
271	P		The platform receives requests from several channels, including email, web forms, live chat, social media and messaging platforms.
272	P		Ticket Assignment & Workflow
273	P		Tickets are assigned automatically to the appropriate team or agent according to predefined business rules and workflows.
274	P		Conversation Management
275	P		All exchanges between the customer and the support agents are stored inside a single ticket, which keeps the complete communication history.
276	P		Analytics & Reporting
277	P		Managers monitor ticket volume, response time, resolution rate and customer satisfaction through dashboards and reports.
278	P		
279	P		
280	P		
281	P		
282	P		Pros
283	P		Mature ticket management workflow.
284	P		Strong interaction and communication tracking inside a ticket.
285	P		Multi-channel intake, including email, chat and messaging platforms.
286	P		Rich reporting and analytics features.
287	P		Scales to a large number of requests.
288	P		
289	P		Cons / Limitations
290	P		Not designed specifically for urban service operations.
291	P		No map or location-based incident management.
292	P		No built-in urban issue categorisation or area-based responsibility model.
293	P		No AI-driven duplicate detection or merging of related reports.
294	P		No coordination with external service providers, and no public community view of the reports.
295	P	Heading3	 3.4 Summary of Existing Systems
296	T	row1	Criteria | Hue-S | FixMyStreet | Freshdesk | UrbanMind (Proposed System)
297	T	row2	Urban issue reporting | Yes | Yes | No | Yes
298	T	row3	Multi-channel intake (Web, Mobile, Messenger) | Partial | No | Yes | Yes
299	T	row4	Incident and ticket management | Yes | Limited | Yes | Yes
300	T	row5	AI classification and summarisation | No | No | Limited | Yes
301	T	row6	Duplicate detection and incident merging | No | No | No | Yes
302	T	row7	Map and location-based reporting | Yes | Yes | No | Yes
303	T	row8	SLA monitoring | Limited | No | Yes | Yes
304	T	row9	Service provider coordination | Limited | No | No | Yes
305	T	row10	Community engagement and public transparency | Partial | Yes | No | Yes
306	P		 
307	P		 
308	P		 None of the existing systems combines multi-channel citizen reporting, AI-assisted analysis, duplicate detection, area-based routing with service-level monitoring, coordination with external service providers and community transparency inside one platform. The proposed system aims to close this gap by integrating these capabilities into a single urban service ecosystem.
309	P		 
310	P	Heading2	4. Business Opportunity
311	P		The number of urban service reports keeps growing in residential areas, commercial zones and new urban developments. Residents struggle to identify the unit responsible for an issue, while the units that receive the reports lack an efficient platform to screen, group, assign, monitor and answer them.
312	P		UrbanMind addresses this gap by operating as an AI-assisted urban service coordination platform that connects residents, system staff, interaction managers, service provider coordinators and administrators. The platform supports two primary operations:
313	P		Citizen reporting and coordination: residents report urban issues from the web application, the mobile application or a Facebook Messenger conversation. AI suggests the category, the area, the severity and possible duplicates; staff verify the report, group it into an incident and route it to the responsible area and handler under a service-level target.
314	P		Service provider collaboration: an incident that cannot be handled internally is routed to a provider coordinator working under a managed contract. The coordinator records contact logs, execution progress and completion documents, and the result is reviewed and approved before the incident is closed.
315	P		The platform creates value through:
316	P		AI-assisted intake, classification and summarisation of citizen reports.
317	P		Duplicate detection that prevents the same problem from being handled several times.
318	P		Area-based routing and service-level monitoring of every incident.
319	P		Coordinated collaboration with external service providers under managed contracts.
320	P		Realtime notification, area alerts and continuous communication with residents.
321	P		Operational analytics on volume, status, SLA compliance, sentiment and location hotspots.
322	P		This approach allows UrbanMind to operate not only as a reporting channel but as an urban service coordination ecosystem that improves response time, reduces duplicated work and makes the handling of public issues transparent to the residents who reported them.
323	P		
324	P		
325	P	Heading2	5. Software Product Vision
326	P		For residents and organisations that need to report an urban issue and follow its handling, UrbanMind is an AI-assisted service interaction platform that lets them submit a report from the channel they already use, communicate with the staff in charge and track processing progress in real time.
327	P		Unlike traditional hotlines or standalone reporting applications, UrbanMind combines multi-channel intake, AI-assisted classification and duplicate detection, area-based assignment, service-level monitoring, service provider coordination and community transparency inside a single ecosystem.
328	P		The platform helps operating units respond faster, avoid repeated work on the same problem, keep a complete and traceable history of every report and give residents a clear, verifiable answer. By connecting all stakeholders through one platform, the Urban Service Interaction and Feedback Ecosystem contributes to more effective urban service management and smarter city operations.
329	P		
330	P	Heading2	6. Project Scope & Limitations
331	P	Heading3	6.1 Major Features
332	P	Heading3	6.1.1. Feedback Intake & Data Processing
333	P	Heading4	FE-01: Multi-channel Feedback Submission & Validation
334	P		Allows a resident to submit an urban feedback report from the web application, the Android application or a Facebook Messenger conversation. The system validates the submitted information, including title, description, location text, map coordinates, category and supporting evidence, before the report is accepted.
335	P	Heading4	FE-02: Media Upload & Storage
336	P		Enables residents and staff to attach images as supporting evidence for a report. Files are uploaded to a cloud media service, and the number and the size of the files accepted from each channel are limited by configuration.
337	P	Heading4	FE-03: Account Verification & Submission Control
338	P		Requires a resident account to have a verified email address before a report can be submitted from the web or mobile application. Verification uses a six-digit one-time password sent by email. An account created through Google login is verified automatically when Google has already verified the address. An unverified account can still sign in, follow incidents and receive notifications, but it cannot submit a new report until email verification is completed. This rule raises the cost of creating throwaway accounts and reduces spam submissions.
339	P		
340	P	Heading3	6.1.2. AI-powered Processing
341	P	Heading4	FE-04: AI Understanding & Classification
342	P		Applies a self-hosted vision-language model to the description and the attached images of a submitted report. The model suggests the service category, the operating area, the sentiment, the urgency and the severity level, produces a short summary and extracts keywords together with a confidence score. Every suggestion is stored as an analysis result that staff can review and correct.
343	P	Heading4	FE-05: Duplicate Detection & Incident Consolidation
344	P		Identifies reports that describe the same problem by comparing content similarity, map distance and reporting time within a configurable radius and look-back window. Candidates are proposed to staff, who confirm or reject them. Confirmed reports are linked to a single incident, and related incidents can be merged so that one problem is handled once.
345	P	Heading4	FE-06: AI Urban Service Chatbot & Draft Assistant
346	P		Provides a conversational assistant that answers resident questions about urban services and guides them through the reporting process using a knowledge base about the platform. The same assistant can turn a free-text message and attached photos into a structured feedback draft that the resident confirms before sending.
347	P		
348	P	Heading3	6.1.3. Incident Handling, Assignment & SLA Management
349	P	Heading4	FE-07: Feedback & Incident Lifecycle Management
350	P		Supports the full lifecycle of a citizen report and of the incident it belongs to, including creation, viewing, editing, verification, approval, status change, rework request, merging and closing. Every change is recorded in an incident timeline that can be replayed.
351	P	Heading4	FE-08: Assignment & Area-based Routing
352	P		Routes an incident to the staff responsible for its operating area and lets a manager assign it to a specific handler. Responsibility is configured through staff area assignments, manager area assignments and provider coverage, so each account only sees and acts on the areas it is responsible for.
353	P	Heading4	FE-09: SLA Management
354	P		Monitors service-level targets for the first response and for the resolution, based on configurable SLA policies. The system supports starting, responding, pausing, resuming, recalculating, completing and cancelling an SLA, and a background worker checks running SLAs periodically to raise a warning before a deadline and to record a breach.
355	P	Heading4	FE-10: Resolution Recording, Approval & Rework
356	P		Lets staff record the resolution of an incident together with its evidence, and lets an interaction manager approve the result or send it back for rework. The approval history and the reason for each rework request are kept with the incident.
357	P		
358	P	Heading3	6.1.4. Service Provider Coordination
359	P	Heading4	FE-11: Service Provider & Coordinator Management
360	P		Manages the service provider coordinators that the operating unit works with, including their contact information, their active state and the operating areas and service categories they cover.
361	P	Heading4	FE-12: Provider Contract Management
362	P		Manages the contracts signed with service providers, including the contract period, its scope and its supporting attachments, so that every assignment can be traced back to a valid contract.
363	P	Heading4	FE-13: Provider Assignment & Execution Reporting
364	P		Assigns an incident to a suitable provider coordinator, tracks the status of that assignment and records contact logs describing each exchange with the provider during execution.
365	P	Heading4	FE-14: Completion Evidence Management
366	P		Stores the completion documents and images uploaded for a provider assignment, so that the reported result can be verified before the incident is approved and closed.
367	P		
368	P	Heading3	6.1.5. Community, Communication & Notification
369	P	Heading4	FE-15: Public Incident Feed & Map
370	P		Publishes verified incidents on a public feed and map, so that residents can see what has been reported in their neighbourhood, open the detail of an incident and follow its timeline.
371	P	Heading4	FE-16: Community Comments & Support
372	P		Allows residents to comment on a published incident and to support it, so that the operating unit can see how many people are affected by the same problem. A resident can edit or delete their own comment.
373	P	Heading4	FE-17: Incident Subscription & Area Alerts
374	P		Lets residents subscribe to an incident or to an operating area. Staff can publish an area alert from an incident, and every subscriber of that area receives it.
375	P	Heading4	FE-18: Citizen Resolution Review
376	P		Lets the resident who reported a problem review the resolution after the incident has been handled, so that the operating unit receives feedback on the quality of the result.
377	P	Heading4	FE-19: Interaction Messaging
378	P		Stores and maintains the conversation between a resident and the system staff handling their report, including requests for additional information and the answers given to them.
379	P	Heading4	FE-20: Notification System
380	P		Sends a notification when a relevant event occurs, such as a status change, an assignment, a request for additional information, an SLA warning, an approval, an area alert or a new community interaction. Notifications are delivered in real time over SignalR and kept in a notification centre, and important events are also sent by email.
381	P		
382	P	Heading3	6.1.6. Monitoring, Analytics & Administration
383	P	Heading4	FE-21: Dashboard & KPI Monitoring
384	P		Provides operational dashboards showing incident volume, status, priority, category and area distribution, the figures of the current day, the monthly trend, urgent open incidents and recent activity, scoped by the role and the operating areas of the signed-in account.
385	P	Heading4	FE-22: SLA, Sentiment & Hotspot Analytics
386	P		Provides analytics on SLA compliance and performance, on the incidents that are nearing or past their deadline, on resident sentiment trends derived from the AI analysis, and on location hotspots shown on a heat map.
387	P	Heading4	FE-23: User & Role Management
388	P		Manages accounts and access permissions for the five roles of the system, namely Service User, System Staff, Interaction Manager, Service Operator Staff and System Administrator, including account creation, update, activation and password reset.
389	P	Heading4	FE-24: Master Data Administration
390	P		Manages the reference data that the workflow depends on, including operating areas, urban service categories, SLA policies, staff and manager area assignments, and provider coverage.
391	P	Heading4	FE-25: Audit Trail & System Monitoring
392	P		Records system activity, incident events, status history and integration errors, and exposes a health endpoint and the status of the AI review queue, so that the team can trace what happened to a report and monitor background processing.
393	P		
394	P		
395	P		
396	P		
397	P	Heading3	6.2 Limitations & Exclusions
398	P		
399	T	row1	Limitation ID | Limitation / Exclusion
400	T	row2	LI-01 | The platform coordinates the handling of citizen reports. It does not perform the field work itself, and some cases must still be transferred to external organisations outside the system.
401	T	row3	LI-02 | AI results are suggestions only. Staff review and may modify the suggested category, area, severity and duplicate candidates before a report is processed officially.
402	T	row4	LI-03 | The AI features are built on a small self-hosted vision-language model driven by prompts, not on a fine-tuned model. Accuracy is therefore limited, in particular for short descriptions or low-quality images, and no labelled training dataset is produced in this project.
403	T	row5	LI-04 | Duplicate detection may not be fully accurate because the description, the map position and the reporting time supplied by a resident can be incomplete or incorrect. Confirmation by staff is always required.
404	T	row6	LI-05 | The platform is designed for urban service coordination and operational feedback management. It is not intended to replace official legal complaint, law enforcement or governmental administrative systems.
405	T	row7	LI-06 | Location data is stored as latitude and longitude, and distance is computed without a spatial database extension. Advanced geospatial analysis and prediction are not included in this project.
406	T	row8	LI-07 | The mobile application is delivered for Android only and focuses on resident functions together with a limited staff workspace. Administrative and operational management functions are provided through the web portals.
407	T	row9	LI-08 | Intake through Facebook Messenger depends on an approved Page and on the quotas of that platform. The same applies to the email and media services used by the system, which run on free or trial plans during the project.
408	T	row10	LI-09 | The system is deployed on a single virtual private server without redundancy, so availability and real-time processing depend on the capacity of that server and of the third-party services it calls.
409	T	row11	LI-10 | Online payment and paid service booking are out of scope. The platform does not process any financial transaction and does not operate as a commercial service marketplace.
410	T	row12	LI-11 | The project originally intended to verify a resident by phone number, because a SIM in Viet Nam is registered against a national identity document, which would allow an abusive account to be traced and banned. Sending SMS from an application requires a registered brand name, which the project could not obtain, so verification was changed to email. Email verification does not identify a person, so a determined user can still create several accounts. Spam is therefore mitigated by staff verification of every report before it becomes an incident, by duplicate detection and by the ability of an administrator to deactivate an account, not by the account itself.
411	P		
412	P		 
413	P	Heading1	 II. Project Management Plan
414	P	Heading2	 Overview
415	P	Heading3	 Scope & Estimation
416	P		
417	T	row1	# | WBS Item | Complexity | Est. Effort (man-days)
418	T	row2	1 | Initiation |  | 10
419	T	row3	1.1 | Prepare Report 1 - Project Introduction | Complex | 10
420	T	row4	1.2 | Deliver Report 1 | Simple | 0
421	T	row5	2 | Planning & Requirement |  | 55
422	T	row6	2.1 | Prepare Report 2 - Project Management Plan | Complex | 10
423	T	row7	2.2 | Deliver Report 2 | Simple | 0
424	T	row8	2.3 | Requirement analyzing | Complex | 15
425	T	row9	2.4 | Design User Interfaces (UI) prototypes | Complex | 15
426	T	row10	2.5 | Write SRS (Software Requirements Specification) | Complex | 15
427	T	row11	2.6 | Deliver Report 3 | Simple | 0
428	T	row12	3 | Software Designing |  | 40
429	T	row13	3.1 | Write SDD (Software Design Document) | Complex | 10
430	T	row14	3.2 | Deliver Report 4 - Software Design Document | Simple | 0
431	T	row15	3.3 | Prepare Test Report | Complex | 15
432	T	row16	3.4 | Deliver Report 5 - Software Testing Document | Medium | 5
433	T	row17	3.5 | Deliver Report 6 - User Guides | Medium | 5
434	T	row18	3.6 | Deliver Report 7 - Final Project Report | Simple | 5
435	T	row19	4 | Implementation |  | 163
436	T	row20	4.1 | General Functions |  | 10
437	T	row21	4.1.1 | Register an account with email OTP verification | Medium | 2
438	T	row22	4.1.2 | Login and Google login for all roles | Medium | 3
439	T	row23	4.1.3 | Logout and refresh token handling | Simple | 1
440	T	row24	4.1.4 | Forgot password and password reset by OTP | Simple | 2
441	T	row25	4.1.5 | View and edit profile for all roles | Simple | 2
442	T	row26	4.2 | Administration Web Application |  | 17
443	T	row27	4.2.1 | Manage user accounts and roles | Medium | 5
444	T	row28	4.2.2 | Manage operating areas | Simple | 2
445	T	row29	4.2.3 | Manage urban service categories | Simple | 2
446	T	row30	4.2.4 | Manage SLA policies | Medium | 3
447	T	row31	4.2.5 | Manage manager and staff area assignments | Simple | 2
448	T	row32	4.2.6 | View the system-wide dashboard and the audit trail | Medium | 3
449	T	row33	4.3 | Resident Web & Mobile Application |  | 51
450	T	row34	4.3.1 | Submit feedback / report an urban issue | Complex | 8
451	T	row35	4.3.2 | Upload image evidence | Simple | 2
452	T	row36	4.3.3 | Select the issue location on the map | Medium | 4
453	T	row37	4.3.4 | Track feedback and incident processing status | Simple | 2
454	T	row38	4.3.5 | Exchange messages with the system staff in charge | Medium | 4
455	T	row39	4.3.6 | Review the resolution result of a handled incident | Medium | 3
456	T	row40	4.3.7 | Receive realtime notification when the status changes | Medium | 4
457	T	row41	4.3.8 | AI Urban Service Chatbot | Complex | 8
458	T	row42	4.3.9 | AI-assisted feedback draft from free text and images | Complex | 6
459	T	row43	4.3.10 | Browse the public incident feed and community map | Medium | 4
460	T	row44	4.3.11 | Comment on and support community incidents | Medium | 3
461	T	row45	4.3.12 | Subscribe to areas and receive area alerts | Medium | 3
462	T	row46	4.4 | System Staff Web Application |  | 37
463	T	row47	4.4.1 | View dashboard & KPI monitoring | Simple | 2
464	T	row48	4.4.2 | View the incident list scoped by responsible area | Simple | 1
465	T	row49	4.4.3 | Review submitted feedback details and evidence | Medium | 4
466	T	row50	4.4.4 | Review and correct the AI classification result | Medium | 4
467	T	row51	4.4.5 | Verify feedback and link it to an incident | Complex | 5
468	T	row52	4.4.6 | Confirm, reject or merge duplicate candidates | Medium | 4
469	T	row53	4.4.7 | Assign an incident to staff and route it to a provider | Medium | 4
470	T	row54	4.4.8 | Update incident status and manage SLA tracking | Medium | 4
471	T	row55	4.4.9 | Record the resolution result and handle rework | Medium | 4
472	T	row56	4.4.10 | Respond to resident messages and request more information | Medium | 4
473	T	row57	4.4.11 | Publish an area alert from an incident | Simple | 1
474	T	row58	4.5 | Interaction Manager Web Application |  | 14
475	T	row59	4.5.1 | View the interaction management dashboard | Simple | 1
476	T	row60	4.5.2 | Monitor feedback trends by category and area | Medium | 3
477	T	row61	4.5.3 | Analyze resident sentiment trends | Medium | 3
478	T	row62	4.5.4 | Approve the resolution result or request rework | Medium | 4
479	T	row63	4.5.5 | Monitor SLA compliance and breach warnings | Medium | 3
480	T	row64	4.6 | Service Provider Coordination |  | 15
481	T	row65	4.6.1 | Manage provider coordinators and their area coverage | Medium | 3
482	T	row66	4.6.2 | Manage provider contracts and attachments | Medium | 3
483	T	row67	4.6.3 | Assign an incident to a provider coordinator | Medium | 3
484	T	row68	4.6.4 | Record provider contact logs and execution progress | Medium | 3
485	T	row69	4.6.5 | Upload completion documents as evidence | Medium | 3
486	T	row70	4.7 | Integration & Platform Services |  | 19
487	T	row71	4.7.1 | Facebook Messenger chatbot feedback intake | Complex | 6
488	T	row72	4.7.2 | Realtime notification with SignalR | Medium | 4
489	T	row73	4.7.3 | Email notification and OTP integration | Medium | 3
490	T	row74	4.7.4 | Cloud media storage integration | Simple | 2
491	T	row75	4.7.5 | Docker and CI/CD deployment pipeline | Medium | 4
492	P		
493	P	Heading5	 Total Estimated Effort (man-days) 268
494	P		
495	P	Heading3	 Project Objectives
496	P		Planned Effort Utilization: 83.8% (268 / 320 man-days)
497	P		Allocated Effort: 4 (members) * 4 (months) * 20 (days/month) = 320 man-days.
498	P		Estimated total cost: N/A
499	P		 
500	P	Heading4	 Overall Project Objective
501	P		 The objective of this project is to design and develop UrbanMind, an AI-assisted Urban Service Interaction and Feedback Ecosystem that connects residents, system staff, interaction managers, service provider coordinators and administrators through a unified digital platform.
502	P		 The platform supports the complete lifecycle of a citizen report, from multi-channel intake and AI-assisted analysis to verification, incident consolidation, area-based assignment, service-level monitoring, coordination with external service providers, resolution approval and community follow-up.
503	P		 The project focuses on:
504	P		 Providing a centralized platform for urban issue reporting over the web, the mobile application and the Facebook Messenger channel.
505	P		 Improving operational efficiency through AI-assisted classification, duplicate detection, chatbot assistance, area-based routing and SLA monitoring.
506	P		 Making every report traceable through an incident timeline, a status history and an audit trail.
507	P		 Enabling collaboration between the internal operating unit and external service provider coordinators under managed contracts.
508	P		 Increasing transparency for residents through a public incident feed, community interaction, area alerts and resolution review.
509	P		 Delivering a scalable and maintainable software solution within the available project resources and timeline.
510	P		 
511	P	Heading4	 Quality Objectives
512	P		The quality objective of the project is to ensure that the system is functionally correct, reliable, and aligned with user requirements, while minimizing defects in later stages.
513	P		
514	T	row1	# | Testing Stage | Test Coverage | No. of Defects | % of Defect | Notes
515	T	row2	1 | Requirement Review | 100% | Low | 10% | Early defect prevention through requirement validation
516	T	row3	2 | Unit Test | ≥ 80% | Medium | 25% | Focus on core business logic: AI analysis handling, duplicate detection, SLA calculation, assignment and access rules, and notification dispatch.
517	T	row4	3 | Integration Test | ≥ 70% | Medium | 25% | Interaction between feedback intake, incident handling, AI service, SLA, notification, provider coordination and the Facebook Messenger channel.
518	T	row5	4 | System Test | ≥ 90% | Low | 25% | End-to-end workflow validation on the web and Android applications.
519	T	row6	5 | Acceptance Test | 100% | Very Low | 15% | Validation against user stories and acceptance criteria
520	P		
521	P		
522	P	Heading3	 Project Risks
523	P		
524	T	row1	# | Risk Description | Impact | Possibility | Response Plans
525	T	row2	1 | Lack of domain knowledge in urban incident handling and public service coordination | High | High | Study Hue-S and similar systems; validate the requirements with the supervisor.
526	T	row3	2 | Unclear incident lifecycle and role responsibilities between residents, system staff, interaction managers, provider coordinators and administrators | High | Medium | Define the use cases, the actor responsibilities and the business rules before implementation, and keep them in the SRS.
527	T	row4	3 | Limited time and effort resources (man-day constraint) | High | Medium | Focus on the MVP features and defer advanced functions.
528	T	row5	4 | Integration issues between the backend, the web application, the mobile application and the chat channels | Medium | Medium | Share the API contracts through the monorepo packages and integrate early and often.
529	T	row6	5 | Real-time notification and communication integration issues | Medium | Medium | Use a modular notification service, integrate SignalR early and test the fallback path when the realtime connection is lost.
530	T	row7	6 | Inaccurate AI classification, chatbot answers or duplicate detection, because the self-hosted vision-language model is small | High | High | Use AI as an assistance mechanism only; require staff review and correction before official processing, and evaluate the AI output during testing.
531	T	row8	7 | Dependency on third-party approvals and free-tier quotas (Facebook Page, email and media services) | Medium | Medium | Prepare the test accounts early, add a graceful fallback for each integration and keep the web channel independent of these services.
532	T	row9	8 | Deployment on a single virtual private server: a failed release or a failed database migration makes the API unavailable | High | Medium | Back up the database before every release, keep the previous Docker image for rollback and verify the migration on a staging database first.
533	T	row10	9 | Usability issues for residents and staff | Medium | Medium | Apply a simple UI design, reuse the shared UI package and conduct informal usability reviews.
534	T	row11	10 | Requirement changes during development | Medium | Low | Maintain the MVP scope within the defined business requirements and avoid uncontrolled feature expansion.
535	T	row12	11 | Spam or abusive reports submitted from throwaway accounts. Phone-number verification, which would be tied to a national identity document, could not be used because the project cannot register an SMS brand name, so the account is only verified by email | Medium | Medium | Require email verification before a report can be submitted from the web or the mobile application; keep staff verification of every report before it becomes an incident; use duplicate detection to group repeated submissions; let an administrator deactivate an abusive account.
536	P		
537	P		
538	P		 
539	P	Heading2	 Management Approach
540	P	Heading3	 Project Process
541	P		
542	P		
543	P		
544	P		
545	P		The project is developed using the Scrum model which is an agile framework for developing, delivering and maintaining products. Our team chooses this model for the following reasons:
546	P		Because Scrum is suitable for small and medium-sized projects, it fits our team which consists of 4 members well.
547	P		For this project, each sprint spans 1 week and the duration of our product backlog is 12 sprints because we need to deliver the product quickly and the customer wants to review the product every week.
548	P		Scrum provides flexibility in responding to requirement changes.
549	P	Heading3	 Quality Management
550	P		To improve project quality, team will follow these approaches:
551	P		
552	P		One member is responsible for the API test collection on Postman, which is run against every release.
553	P		Making and following the coding rules and the coding conventions recorded in the repository guidelines.
554	P		Code review on a pull request before the code is merged and deployed; the continuous integration pipeline must be green before merging.
555	P		Holding daily meetings to follow the project tasks and to support each other.
556	P		The objective of quality management in this project is to improve overall software quality and ensure that the system meets defined functional requirements, quality objectives. To achieve this goal, the project applies a structured quality management approach that integrates defect prevention, systematic reviewing, and multi-level testing throughout the software development lifecycle.
557	P		
558	P		Defect Prevention
559	P		Defect prevention is emphasized from the early stages of the project to reduce rework and minimize defects in later phases. Clear user requirements, detailed use cases, and UML 2.0 models are defined and validated before implementation. Coding standards and architectural guidelines are applied consistently to ensure code quality, maintainability, and scalability.
560	P		
561	P		Reviewing
562	P		Review activities are conducted at multiple stages, including requirements review, design review, and code review. Requirements and design documents are reviewed to ensure alignment with user needs, defined business rules, system requirements, and project scope. Code reviews are performed to detect logic errors, enforce coding conventions, and improve readability and maintainability before testing begins.
563	P		
564	P		Unit Testing
565	P		Unit testing validates individual modules and the core business logic, including AI analysis handling, duplicate detection, SLA calculation and pausing, assignment and access rules, incident status transitions and notification dispatch. Backend unit tests are written with xUnit and frontend utility tests with the Node.js test runner.
566	P		
567	P		
568	P		Integration Testing
569	P		Integration testing verifies the interaction between the web application, the Android application, the backend API, the AI service, the notification service, the Facebook Messenger webhook and the database, using the Postman collection and the automated end-to-end suite.
570	P		
571	P		
572	P		System Testing
573	P		System testing validates the complete UrbanMind ecosystem, including multi-channel issue reporting, AI-assisted processing, chatbot interaction, duplicate detection and merging, assignment and SLA management, provider coordination, resolution approval and rework, community interaction, area alerts, notifications, analytics dashboards and administrative functions. The end-to-end scenarios are automated with Playwright.
574	P		
575	P	Heading3	 Training Plan
576	P		
577	T	row1	Training Area | Participants | When, Duration | Waiver Criteria
578	T	row2	Project domain: urban incident handling, public service coordination and area-based operations | All team members | 15/05/2026 | Mandatory
579	T	row3	Git, GitHub, branching, pull request, code review | All team members | 17/05/2026 (0.5 day) | Mandatory
580	T	row4	React 19, Expo and the shared monorepo packages | Frontend members | 20/05/2026 (1 day) | Mandatory
581	T	row5	AI model usage: self-hosted Qwen2.5-VL served by Ollama, prompt design for classification, summarisation and duplicate detection | Backend members | 25/05/2026 (2 days) | Mandatory
582	T	row6	Docker, GitHub Actions and VPS deployment | Backend members | 28/05/2026 (2 days) | Mandatory
583	T	row7	Facebook Messenger Platform webhook integration | Backend members | 01/06/2026 (1 day) | Mandatory
584	P		
585	P		
586	P	Heading2	 Project Deliverables
587	P		
588	T	row1	# | Deliverable | Due Date | Notes
589	T	row2	1 | Project Proposal & Project Plan | 28/05/2026 | Define project scope, objectives, methodology, timeline, and tools.
590	T	row3	2 | User Requirements Document (URD) | 03/06/2026 | Identify user roles and functional requirements.
591	T	row4	3 | Software Requirements Specification (SRS) | 07/06/2026 | Detailed functional and non-functional requirements following IEEE standards.
592	T	row5	4 | System Architecture Design Document | 20/06/2026 | Overall system architecture, technology stack, deployment model, and integration design.
593	T	row6	5 | UML Design Package | 27/06/2026 | Use Case, Sequence, Class, Activity, and Deployment diagrams using UML 2.0.
594	T	row7	6 | Database Design Document | 04/07/2026 | Logical and physical database schema for users, feedback, incidents, duplicate candidates, SLA tracking, provider coordination and contracts, community interaction, notifications and audit data.
595	T	row8	7 | Backend RESTful API Implementation | 29/08/2026 | ASP.NET Core (.NET 9) RESTful APIs for authentication, feedback and incident management, AI processing, duplicate detection, chatbot, SLA management, provider coordination, community interaction, notifications, analytics and system administration.
596	T	row9	8 | Frontend Web Application | 29/08/2026 | ReactJS (Vite) web application and dashboards for residents, system staff, interaction managers and administrators, with role-based access.
597	T	row10	9 | Mobile Application | 05/09/2026 | React Native (Expo) Android application covering the resident functions and a staff workspace, including feedback submission, status tracking, chatbot interaction, notifications and communication.
598	T	row11	10 | System Integration & Testing Report | 12/09/2026 | Unit testing (xUnit and the Node.js test runner), API testing (Postman) and end-to-end testing (Playwright).
599	T	row12	11 | Deployment & Installation Guide | 12/09/2026 | VPS deployment with Docker and GitHub Actions, environment configuration, integration setup and Android build instructions.
600	T	row13	12 | Final System Package & Source Code | 15/09/2026 | Source code repository (GitHub) and deployable software packages.
601	T	row14	13 | Final Report (Theory & Practice) | 18/09/2026 | Comprehensive documentation covering analysis, design, implementation, and evaluation.
602	T	row15	14 | Final Presentation & System Demonstration | 21/09/2026 | Live system demo and presentation for assessment.
603	P		
604	P		
605	P	Heading2	 Responsibility Assignments
606	T	row1	Responsibility | Kiều Việt Anh (SE182347) - Leader | Vũ Đức Mạnh (SE184935) | Văn Đình Quốc (SE173712) | Nguyễn Hữu Giàu (SE150014)
607	T	row2	Project Planning & Task Management | D | S | S | S
608	T	row3	Sprint Planning & Progress Tracking | D | S | S | S
609	T	row4	Prepare Project Introduction Document | D | S | S | R
610	T	row5	Prepare Requirement Specification Document | D | D | D | D
611	T	row6	Prepare Business Rules & Workflow | D | S | S | R
612	T	row7	Prepare SRS Document (Functional & Non-functional Requirements) | D | S | S | R
613	T	row8	UI/UX Research & Smart City Workflow Analysis | D | R | S | R
614	T	row9	Figma Design System & Mobile UI Design | S | R | S | R
615	T	row10	React Native (Expo) Mobile App Development | S | D | S | R
616	T	row11	Frontend Web Development (ReactJS + Vite) | S | R | S | D
617	T	row12	Backend API Development (ASP.NET Core .NET 9) | D | S | R | S
618	T	row13	Database Design (PostgreSQL, EF Core) | D | R | S | R
619	T	row14	AI Feature Research & Integration (Qwen2.5-VL, OpenRouter) | D | R | S | S
620	T	row15	Map & Geolocation Integration (Leaflet / React Native Maps) | D | S | R | S
621	T	row16	Realtime Notification & SignalR Integration | D | R | S | S
622	T	row17	Area-based Routing & Assignment Module | D | S | R | S
623	T	row18	AI Classification & Severity Suggestion Module | D | R | S | S
624	T	row19	SLA Management Module | D | S | R | S
625	T	row20	Duplicate Detection & Incident Consolidation Module | D | R | S | S
626	T	row21	AI Chatbot Development & Integration | D | R | S | S
627	T	row22	Facebook Messenger Chatbot Intake Module | D | R | S | S
628	T	row23	Service Provider Coordination & Contract Module | D | S | R | S
629	T	row24	Community Engagement & Resolution Review Module | D | R | S | S
630	T	row25	Area Alert & Subscription Module | D | S | R | S
631	T	row26	UML Diagrams (Use Case, Sequence, Activity) | D | S | S | R
632	T	row27	API Integration Between Frontend & Backend | D | R | S | R
633	T	row28	Unit Testing | S | R | S | S
634	T	row29	Integration & System Testing | D | R | S | S
635	T	row30	Deployment & Environment Setup | D | R | S | R
636	T	row31	Docker & CI/CD Configuration | D | R | S | S
637	T	row32	Prepare Installation & User Guide | D | S | S | R
638	T	row33	Final Report & Technical Documentation | D | S | S | R
639	T	row34	Final Presentation Slides | D | S | S | R
640	T	row35	Final System Demonstration | D | S | S | S
641	P		*D - Do (main implementer) R - Review S - Support
642	P		
643	P	Heading2	 Project Communications
644	P		
645	T	row1	Communication Item | Who / Target | Purpose | When / Frequency | Type / Tool / Method(s)
646	T	row2	Daily Team Discussion | Team Members | Report task progress, discuss current issues, update daily work status | Every working day | Zalo Group Chat
647	T	row3	Online Team Meeting | Team Members | Discuss technical problems, review progress, assign tasks, support team collaboration | When needed (2–3 times/week) | Google Meet
648	T	row4	Sprint Planning | Team Members | Define sprint goals, assign tasks, estimate workload, discuss implementation plan | Beginning of each sprint | Google Meet / Offline
649	T	row5	Sprint Review | Supervisor & Team Members | Demo completed features, present sprint results, receive feedback | End of each sprint | Offline / Google Meet
650	T	row6	Requirement & Design Discussion | Team Members | Discuss requirements, business rules, UI/UX, system architecture | During analysis & design phase | Zalo / Google Meet
651	T	row7	Offline Meeting with Supervisor | Supervisor & Team Members | Report project progress, receive guidance and feedback from supervisor | According to supervisor schedule | Offline Meeting
652	T	row8	Testing & Integration Discussion | Team Members | Discuss bugs, integration issues, deployment problems | During testing phase | Zalo / Google Meet
653	T	row9	Emergency Discussion | Team Members | Quickly solve urgent issues related to system or project schedule | Anytime when necessary | Zalo Group Chat
654	T	row10	Final Presentation Preparation | Team Members | Prepare demo, slides, scripts, and final report | Before final defense | Offline / Google Meet
655	T	row11	Code Review on Pull Request | Team Members | Review the changed code, discuss the implementation and keep the coding convention | Every pull request before merging | GitHub
656	P		
657	P	Heading2	 Configuration Management
658	P	Heading3	 Document Management
659	P		Google Drive is used to manage project’s documents.
660	P		
661	P	Heading3	 Source Code Management
662	P		All project source code is managed with Git and hosted on GitHub in two repositories: one for the ASP.NET Core backend and one for the frontend monorepo that contains the React web application, the Expo mobile application and the packages they share. Each repository keeps a main branch for stable code and feature branches for development tasks.
663	P		Each feature or bug fix is implemented on a separate branch and merged into the main branch through a pull request. A GitHub Actions workflow builds and tests every change, and a merge into the main branch deploys the backend container and the web build to the production VPS automatically.
664	P		Code review is performed before merging to keep the code quality and to reduce integration issues. Commit messages describe the change clearly, and GitHub issues are used to manage tasks and defects, which keeps the traceability between requirements, implementation and fixes.
665	P		
666	P	Heading3	 Tools & Infrastructures
667	T	row1	Category | Tools / Infrastructure
668	T	row2	Technology | ReactJS 19 + Vite (Web), React Native / Expo (Mobile, Android), ASP.NET Core .NET 9 (Backend)
669	T	row3	Database | PostgreSQL with Entity Framework Core
670	T	row4	AI services | Self-hosted Qwen2.5-VL served by Ollama (classification, summarisation, duplicate detection, feedback draft); OpenRouter (resident chatbot)
671	T	row5	Third-party services | Cloudinary (media storage), Brevo (email verification and password reset OTP), Google OAuth, Facebook Messenger Platform
672	T	row6	Realtime | SignalR
673	T	row7	IDEs/Editors | Visual Studio, Visual Studio Code
674	T	row8	Diagramming | DrawIO
675	T	row9	Documentation | Notion, Google Docs/Sheets/Slides
676	T	row10	Version Control | GitHub (source code), Google Drive / OneDrive (documents)
677	T	row11	Testing | xUnit, Node.js test runner, Postman, Playwright
678	T	row12	Deployment | VPS with Docker and GitHub Actions; Expo EAS for the Android build
679	T	row13	Project management | Jira (schedule), GitHub Issues (tasks, defects)
680	P		
681	P		 
682	P	Heading1	III. Software Requirement Specification
683	P	Heading2	1. Product Overview
684	P		UrbanMind is an urban report and incident coordination system. Residents submit location-based reports from web, mobile and Messenger, attach evidence, follow public or subscribed incidents, comment, support an incident and review approved outcomes. AI reviews each report and proposes matching candidates, while authorized managers verify reports and create or link them to an Incident. The Incident then owns staff assignment, provider coordination, SLA, resolution review and operational dashboards. The backend is an ASP.NET Core Web API with PostgreSQL, JWT, SignalR, Cloudinary, Brevo email, Meta Messenger and configurable AI providers.
685	P		
686	P		 
687	P	Heading2	2. User Requirements
688	P	Heading3	2.1 Actors
689	P		Actors are identified from the implemented roles and integration points in the UrbanMind backend.
690	P		
691	T	row1	# | Actor | Description
692	T	row2	1 | Public Visitor | Browses public incidents, linked reports, comments and timeline; can register, sign in and reset a password.
693	T	row3	2 | Service User / Resident | Owns reports, attachments and reviews; verifies an email address before reporting; follows, comments on and supports incidents.
694	T	row4	3 | System Staff | Works only within active responsibility areas/categories; handles assigned incidents, providers, contact logs, evidence, responses and resolution submissions.
695	T	row5	4 | Interaction Manager | Verifies AI-reviewed reports, resolves match candidates, manages incident lifecycle/assignment, reviews resolutions, policies and dashboards within assigned areas.
696	T	row6	5 | System Administrator | Maintains users, areas, categories, manager/staff assignments, providers, contracts and global configuration.
697	T	row7	6 | Service Operator Staff | Recognized role and message sender type; the current controllers expose no dedicated SLA or incident-operation endpoint for this role.
698	T	row8	7 | Provider Coordinator | External contact represented by provider records; does not directly authenticate to management APIs.
699	T	row9	8 | External Systems | AI provider, Meta Messenger, Cloudinary, Brevo and SignalR clients/workers.
700	P		
701	P	Heading3	2.2 Use Cases
702	P		The 45 use cases below consolidate the current API into business goals covering report intake, incident aggregation, area-scoped operations, provider coordination, Incident SLA, dashboards, notifications, administration and integrations.
703	P	Heading4	2.2.1 Diagram(s)
704	P	NormalWeb	
705	P		
706	P		
707	P	Heading4	2.2.2 Descriptions
708	P		
709	T	row1	ID | Use Case | Actors | Tx | Use Case Description
710	T	row2	UC-001 | Browse public incidents and linked reports | Public Visitor, Service User | 4 | Search public incidents, open detail, review linked reports, comments, support totals and timeline.
711	T	row3	UC-002 | Register and verify email | Public Visitor | 5 | Create a SERVICEUSER account, receive a six-digit OTP by email, verify the address and obtain refreshed tokens.
712	T	row4	UC-003 | Sign in and refresh session | Public Visitor, Authenticated User | 4 | Sign in to an active account even before email verification; refresh access with a valid unrevoked refresh token. An unverified sign-in returns the EMAIL_NOT_VERIFIED result code.
713	T	row5	UC-004 | Sign in with Google | Public Visitor, Service User | 5 | Validate a Google ID token and sign in to an existing account; the account is marked verified automatically when Google has already verified the email address.
714	T	row6	UC-005 | Reset forgotten password | Public Visitor | 4 | Request an email OTP through Brevo and reset the password with a current one-time code.
715	T	row7	UC-006 | Manage resident profile | Service User | 3 | View and update the current resident profile under JWT ownership.
716	T	row8	UC-007 | Use AI assistant | Service User | 5 | Manage owned AI conversations, exchange messages and generate a report draft that still requires explicit submission.
717	P		
718	T	row1	ID | Use Case | Actors | Tx | Use Case Description
719	T	row2	UC-008 | Submit a new report | Service User | 5 | Require a verified email address, validate area/location, save a Submitted Feedback and queue asynchronous AI review.
720	T	row3	UC-009 | Add a report to an incident | Service User | 4 | Create a report under an existing public incident while retaining report ownership and incident linkage history.
721	T	row4	UC-010 | Manage own reports | Service User | 4 | Search owned Feedback records and edit/delete only in permitted pre-workflow states.
722	T	row5	UC-011 | Manage report evidence | Service User, Cloudinary | 4 | Upload or remove report attachments after ownership and file validation.
723	T	row6	UC-012 | Follow personal incidents | Service User | 4 | Browse incidents derived from owned reports or manual subscriptions and inspect their current state.
724	T	row7	UC-013 | Comment on a report | Service User, Internal Roles | 3 | Add Feedback comments or authorized ticket messages while preserving reportlevel interaction history.
725	T	row8	UC-014 | Comment on an incident | Service User | 3 | Add a non-empty public IncidentComment and retain optional source report lineage.
726	T	row9	UC-015 | Support and subscribe to an incident | Service User | 4 | Create/remove one IncidentSupport and activate/deactivate the resident's incident subscription.
727	T	row10	UC-016 | Review an approved resolution | Service User | 4 | Rate the approved incident result through an owned linked report and store satisfaction feedback.
728	T	row11	UC-017 | View management report queue | Management Roles | 3 | Browse Feedback reports for AI review and verification with area-scoped authorization.
729	T	row12	UC-018 | Review AI analysis | Interaction Manager, AI Worker | 4 | Inspect AI category, priority, severity, sentiment, summary and confidence before human verification.
730	T	row13	UC-019 | Verify report and create incident | Interaction Manager | 5 | Verify Submitted/AiReviewed Feedback, create/link an Incident atomically and synchronize initial SLA state.
731	T	row14	UC-020 | Review incident match candidates | Interaction Manager | 5 | Inspect Pending match candidates and confirm or reject them under area and lifecycle invariants.
732	T	row15	UC-021 | Link or unlink incident reports | Interaction Manager | 4 | Maintain auditable active/unlinked IncidentReportLink records without deleting source reports.
733	T	row16	UC-022 | Merge incidents | Interaction Manager | 4 | Merge an eligible source incident into a target, preserve events and prevent selfmerge.
734	T	row17	UC-023 | Manage incident workflow | Interaction Manager | 5 | Edit incident operational data and perform allowed status transitions within assigned management areas.
735	T	row18	UC-024 | Assign incident staff | Interaction Manager | 4 | Choose an active SYSTEMSTAFF candidate whose responsibility covers the incident area/category.
736	P		
737	T	row1	ID | Use Case | Actors | Tx | Use Case Description
738	T	row2	UC-025 | Assign provider to incident | System Staff | 4 | Select an active provider coverage for an Assigned incident and create one provider assignment.
739	T	row3	UC-026 | Manage provider contact logs | System Staff | 4 | Record provider contact attempts/results and move the incident to InProgress when rules allow.
740	T	row4	UC-027 | Manage completion evidence | System Staff, Cloudinary | 4 | Upload or remove completion documents on an authorized incident provider assignment.
741	T	row5	UC-028 | Submit incident resolution | System Staff | 5 | Submit or resubmit an incident resolution with evidence and move the incident to SubmittedForApproval.
742	T	row6	UC-029 | Approve or return resolution | Interaction Manager | 5 | Approve a submitted incident resolution or require rework with recorded review metadata and notifications.
743	T	row7	UC-030 | Operate incident SLA | Interaction Manager, System Staff | 6 | Start, respond, pause, resume, recalculate, complete or cancel the current IncidentSla under role-specific rules.
744	T	row8	UC-031 | Inspect incident timeline | Authorized User | 3 | View IncidentEvent and SLA timeline data permitted by public, owner or management scope.
745	T	row9	UC-032 | Monitor incident dashboard | Management Roles | 4 | Review overview, today summary, distributions, monthly trends, urgent open items and recent incidents.
746	T	row10	UC-033 | Monitor SLA dashboard | Management Roles | 4 | Review compliance, performance, violation charts, near-breach and recent-breach incident SLAs.
747	T	row11	UC-034 | Create area alerts | Interaction Manager | 4 | Create manual or eligible feedback-derived alerts for supported operating areas.
748	T	row12	UC-035 | Manage notifications | Authenticated User | 3 | Page through owned notifications and mark one or all as read; receive persisted SignalR updates.
749	T	row13	UC-036 | Manage users and roles | System Administrator | 5 | Create/update accounts, select roles, change active state and reset passwords without self-deactivation.
750	T	row14	UC-037 | Manage areas and categories | System Administrator | 4 | Maintain active operating areas, boundaries and urban-service categories.
751	T	row15	UC-038 | Manage staff responsibilities | System Administrator, Interaction Manager | 4 | Maintain staff-area/category assignments and management staff-responsibility route aliases.
752	T	row16	UC-039 | Manage manager area assignments | System Administrator | 4 | Create, update and activate manager-toarea scopes used by incident authorization.
753	T	row17	UC-040 | Manage providers and coverage | Interaction Manager, System Administrator | 4 | Maintain provider coordinators and unique active area/category coverage.
754	T	row18	UC-041 | Manage provider contracts | System Administrator | 4 | Maintain contract scope/dates and Cloudinary-backed attachments.
755	T	row19	UC-042 | Manage SLA policies | Interaction Manager, System Administrator | 5 | Maintain scoped effective policies and delete only policies never applied to an incident.
756	T	row20	UC-043 | Process Messenger intake | External Channels, Workers | 6 | Verify/queue webhook events, isolate conversations, collect draft media and submit channel-labelled reports.
757	T	row21	UC-044 | Monitor integration conversations | Management Roles | 3 | Inspect or reset Messenger draft state.
758	T	row22	UC-045 | Deliver realtime and background work | System, External Providers | 5 | Run AI review, incident SLA monitoring, notification persistence/SignalR delivery and controlled external calls.
759	P		
760	P	Heading2	3. Functional Requirements
761	P	Heading3	3.1 System Functional Overview
762	P		UrbanMind separates resident Feedback reports from operational Incidents. AI reviews reports; interaction managers verify and match them into incidents; managers assign arearesponsible staff; staff coordinates providers and completion evidence; managers approve resolutions; and Incident SLA, events, dashboards and notifications preserve traceability.
763	P	Heading4	3.1.1 Screens Flow
764	P		The screen flow below summarizes the main functional screens and API-driven workflows.
765	P	NormalWeb	
766	P		
767	P	Heading4	3.1.2 Screen Descriptions
768	P		The following role-specific screen catalog follows the example structure and is derived from the current backend API surface. Screen images are intentionally left for the project team to insert in the detailed function sections. -Guest / Public
769	T	row1	# | Screen | Description
770	T	row2	1 | Public incident feed | Browse public incidents with filters and paging.
771	T	row3	2 | Public incident detail | View reports, comments, support count and timeline.
772	T	row4	3 | Register / email OTP | Create an account and verify the email address by a six-digit OTP.
773	T	row5	4 | Login | Authenticate by email/password or Google.
774	T	row6	5 | Email verification | Request and submit an OTP.
775	T	row7	6 | Forgot password | Request and submit the Brevo email OTP.
776	P		-Service User / Resident
777	T	row1	# | Screen | Description
778	T	row2	1 | Resident dashboard | Access reports, subscribed incidents, alerts, notifications and AI.
779	T	row3	2 | Create report | Submit a report from a verified account, with location and evidence.
780	T	row4	3 | Add report to incident | Submit corroborating evidence to an existing incident.
781	T	row5	4 | My reports | Search owned Feedback records.
782	T	row6	5 | My incidents | View incidents from owned reports or manual subscriptions.
783	T	row7	6 | Report detail | Manage eligible report data, attachments and messages.
784	T	row8	7 | Incident detail | View timeline, reports, comments, support and current resolution.
785	T	row9	8 | Incident interaction | Comment, support and subscribe/unsubscribe.
786	T	row10	9 | Resolution review | Rate an approved outcome through an owned report.
787	T	row11	10 | Area subscriptions | Manage area-alert subscriptions.
788	T	row12	11 | Notifications | View and mark owned notifications as read.
789	T	row13	12 | AI assistant | Chat and create a report draft.
790	P		-System Staff
791	T	row1	# | Screen | Description
792	T	row2	1 | Assigned incident queue | View incidents covered by active staff responsibilities.
793	T	row3	2 | Incident detail | Inspect links, timeline, SLA, assignment and resolution context.
794	T	row4	3 | Provider candidates | Find provider coverage for an Assigned incident.
795	T	row5	4 | Provider assignment | Create the single incident provider assignment.
796	T	row6	5 | Provider contact log | Record provider communication and result.
797	T	row7	6 | Completion evidence | Upload and remove authorized completion documents.
798	T	row8	7 | Resolution submission | Submit or resubmit incident outcome for manager review.
799	T	row9	8 | SLA response | Record first response for a running incident SLA.
800	T	row10	9 | Incident dashboard | View operational distributions and trends.
801	T	row11	10 | SLA dashboard | View compliance and breach risk.
802	T	row12	11 | AI queue | Inspect report AI review status.
803	T	row13	12 | Report interaction | Review report messages where access is granted.
804	T	row14	13 | Provider directory | View provider and contract context.
805	T	row15	14 | Notifications | Receive assignment and resolution-review updates.
806	P		-Interaction Manager
807	T	row1	# | Screen | Description
808	T	row2	1 | Report verification queue | Review Submitted and AiReviewed Feedback.
809	T	row3	2 | Incident match review | Confirm/reject candidates and inspect both reports.
810	T	row4	3 | Incident workspace | Link/unlink reports, merge, edit and transition incidents.
811	T	row5	4 | Staff assignment | Assign area/category-responsible staff.
812	T	row6	5 | Resolution review | Approve or require rework with review metadata.
813	T	row7	6 | Incident dashboard | Monitor overview, today, distributions, trends and urgent items.
814	T	row8	7 | SLA operations | Start, pause, resume, recalculate, complete or cancel incident SLA.
815	T	row9	8 | SLA policy management | Maintain scoped policies.
816	T	row10	9 | Provider management | Maintain providers and coverage.
817	T	row11	10 | Integration monitor | Inspect or reset Messenger conversations.
818	P		-System Administrator
819	T	row1	# | Screen | Description
820	T	row2	1 | User management | Create/update accounts, roles, state and password.
821	T	row3	2 | Operating area management | Maintain areas and boundaries.
822	T	row4	3 | Category management | Maintain categories.
823	T	row5	4 | Manager area assignments | Maintain manager-to-area authorization scopes.
824	T	row6	5 | Staff responsibility assignments | Maintain staff area/category scopes.
825	T	row7	6 | Provider and coverage | Maintain provider directory and coverage.
826	T	row8	7 | Provider contracts | Maintain contracts and attachments.
827	T	row9	8 | SLA policy management | Maintain and delete unused policies.
828	T	row10	9 | Incident dashboard | View system-wide incident metrics.
829	T	row11	10 | SLA dashboard | View system-wide incident SLA metrics.
830	T	row12	11 | AI health and queue | Monitor AI provider and review worker.
831	T	row13	12 | Integration monitor | Inspect or reset channel conversation state.
832	P	Heading4	3.1.3 Screen Authorization
833	P		The matrix reflects controller authorization policies. Blank cells are not authorized; View, Owned, Authorized, Derived and Management describe restricted variants.
834	T	row1	Screen / Function | SERVICEUSE R | SYSTEMSTA FF | INTERACTION MANAGER | SYSTEMAD MIN
835	T	row2	Public incident feed/detail | X | X | X | X
836	T	row3	Register / login / password reset | X | X | X | X
837	P		
838	T	row1	Screen / Function | SERVICEUSE R | SYSTEMSTA FF | INTERACTION MANAGER | SYSTEMAD MIN
839	T	row2	Email verification | Owned |  |  | 
840	T	row3	Resident profile | X |  |  | 
841	T	row4	Create/manage own report | X |  |  | 
842	T	row5	My incidents | X |  |  | 
843	T	row6	Incident comment/support/subscribe | X |  |  | 
844	T	row7	Notifications | X | X | X | X
845	T	row8	AI resident chat/draft | X |  |  | 
846	T	row9	Management report queue |  | X | X | X
847	T	row10	Verify report |  |  | X | 
848	T	row11	Incident match review |  |  | X | View
849	T	row12	Incident link/unlink/merge |  |  | X | View
850	T	row13	Incident edit/status |  |  | X | View
851	T	row14	Incident staff assignment |  |  | X | View
852	T	row15	Provider assignment |  | X |  | View
853	T	row16	Provider contact/evidence |  | X | View | View
854	T	row17	Submit incident resolution |  | X |  | View
855	T	row18	Approve/rework resolution |  |  | X | View
856	T	row19	Incident SLA view/timeline | Authorized | X | X | X
857	T	row20	Incident SLA responded |  | X |  | 
858	T	row21	Other Incident SLA actions |  |  | X | 
859	T	row22	Incident/SLA dashboards |  | X | X | X
860	T	row23	Area/alert subscriptions | X |  |  | 
861	T	row24	Area/category management | View | View | View | X
862	T	row25	Provider/coverage management |  | View | X | X
863	T	row26	Provider contracts |  | View | View | X
864	T	row27	Staff responsibilities |  |  | X | X
865	T	row28	Manager area assignments |  |  |  | X
866	T	row29	User administration |  |  |  | X
867	T	row30	AI health/queue |  | X | X | X
868	T	row31	Messenger monitor |  | Managemen t | Management | Managemen t
869	P	Heading4	3.1.4 Non-Screen Functions
870	P		Non-screen functions include asynchronous AI report review, incident matching/linking, Messenger webhook workers, Incident SLA monitoring, SignalR notifications, media upload, Brevo email OTP and password-reset email, and EF Core migrations.
871	T	row1	# | Feature | System Function | Description
872	T	row2	1 | AI report review | AiFeedbackReviewWorker | Processes Submitted reports and stores analysis with category, priority and severity.
873	T	row3	2 | Incident matching | AiFeedbackDuplicateServi ce | Creates match candidates for human review; never automerges.
874	T	row4	3 | Incident lifecycle | IncidentService | Creates/links incidents on verification and records timeline events.
875	T	row5	4 | Area authorization | ManagementAccessRules | Enforces manager and staff operating-area responsibility.
876	T	row6	5 | Messenger intake | MessengerWebhookWork er | Verifies/queues events, isolates page/sender state and preserves evidence.
877	T	row7	7 | Incident SLA monitoring | SlaMonitoringBackground Service | Checks current IncidentSla records and persists warnings/breaches.
878	T	row8	8 | Realtime updates | SignalR senders | Publishes persisted notification and SLA changes.
879	T	row9	9 | Media upload | CloudinaryService | Uploads report, message, contract and completion evidence.
880	T	row10	10 | Email OTP | BrevoEmailSender | Sends the registration / verification OTP by email.
881	T	row11	11 | Password reset email | BrevoEmailSender | Sends one-time password-reset codes by email.
882	T	row12	12 | Database persistence | EF Core UnitOfWork | Persists report, incident, SLA, provider and audit data transactionally.
883	T	row13	13 | Audit and history | Event/history tables | Keeps report status, incident event, SLA and providercontact traceability.
884	T	row14	14 | Health monitoring | Health and AI endpoints | Exposes operational status without returning provider secrets.
885	P		
886	P	Heading4	3.1.5 Entity Relationship Diagram
887	P		The ERD overview below reflects all 50 tables and the current Feedback-to-Incident aggregate model.
888	P		
889	P		
890	P		Entities Description
891	T	row1	# | Entity | Description
892	T	row2	1 | Role | Stores authorization role names used by JWT and endpoint policies.
893	T	row3	2 | User | Stores resident and internal accounts, contact data, verification state and refresh-token state.
894	T	row4	3 | OperatingArea | Stores supported wards/areas, administrative metadata, coordinates and optional geographic boundary.
895	T	row5	4 | UserAreaSubscription | Stores resident subscriptions to area alerts.
896	T	row6	5 | StaffAreaAssignment | Scopes SYSTEMSTAFF responsibility by area and optional category.
897	T	row7	6 | UrbanServiceCategory | Stores active urban-service categories used by reports, incidents and provider coverage.
898	T	row8	7 | ServiceProviderCoordinator | Stores service provider coordinator records used by UrbanMind.
899	T	row9	8 | CoordinatorCoverage | Stores coordinator coverage records used by UrbanMind.
900	T	row10	9 | ProviderContract | Stores provider contract records used by UrbanMind.
901	T	row11	10 | ProviderContractAttachment | Stores provider contract attachment records used by UrbanMind.
902	T	row12	11 | Feedback | Stores an individual resident report submitted from Web or Messenger.
903	T	row13	12 | FeedbackAttachment | Stores feedback attachment records used by UrbanMind.
904	T	row14	13 | FeedbackComment | Stores feedback comment records used by UrbanMind.
905	T	row15	14 | FeedbackSupport | Stores feedback support records used by UrbanMind.
906	T	row16	15 | FeedbackProviderReport | Stores the provider assignment for an incident and its coordination status.
907	T	row17	16 | ProviderContactLog | Stores provider contact log records used by UrbanMind.
908	T	row18	17 | CompletionDocument | Stores completion evidence for an incident provider assignment.
909	P		
910	T	row1	# | Entity | Description
911	T	row2	18 | FeedbackResolution | Stores an incident resolution submission and manager review metadata.
912	T	row3	19 | FeedbackStatusHistory | Stores feedback status history records used by UrbanMind.
913	T	row4	20 | FeedbackResolutionReview | Stores feedback resolution review records used by UrbanMind.
914	T	row5	21 | AreaAlert | Stores area alert records used by UrbanMind.
915	T	row6	22 | AreaHotspot | Stores area hotspot records used by UrbanMind.
916	T	row7	23 | Notification | Stores notification records used by UrbanMind.
917	T	row8	24 | InteractionMessage | Stores interaction message records used by UrbanMind.
918	T	row9	25 | MessageAttachment | Stores message attachment records used by UrbanMind.
919	T	row10	26 | FeedbackDuplicateCandidate | Stores AI match candidates and the manager confirmation or rejection decision.
920	T	row11	27 | MessengerFeedbackConversatio n | Stores messenger feedback conversation records used by UrbanMind.
921	T	row12	28 | MessengerFeedbackSubmission | Stores messenger feedback submission records used by UrbanMind.
922	T	row13	34 | SlaPolicy | Stores scoped response/resolution targets and effective dates.
923	T	row14	35 | IncidentSla | Stores the current incident SLA lifecycle, target deadlines and breach outcomes.
924	T	row15	36 | SlaEvent | Stores incident SLA lifecycle, warning and breach events.
925	T	row16	37 | SlaPauseHistory | Stores incident SLA pause/resume periods and responsible users.
926	T	row17	38 | AnalysisResult | Stores analysis result records used by UrbanMind.
927	T	row18	39 | AiConversation | Stores ai conversation records used by UrbanMind.
928	T	row19	40 | AiMessage | Stores ai message records used by UrbanMind.
929	T	row20	41 | AiKnowledgeSource | Stores ai knowledge source records used by UrbanMind.
930	T	row21	42 | AuditLog | Stores audit log records used by UrbanMind.
931	T	row22	43 | ManagerAreaAssignment | Scopes interaction-manager access by area.
932	T	row23	44 | Incident | Stores the operational case that aggregates one or more verified reports and owns downstream workflow.
933	T	row24	45 | IncidentReportLink | Stores auditable active/unlinked relationships between reports and incidents.
934	T	row25	46 | IncidentEvent | Stores the incident lifecycle timeline, including links, status, assignment and provider events.
935	T	row26	47 | IncidentSubscription | Stores resident subscriptions to incidents, created from reports or manual follow actions.
936	T	row27	48 | IncidentComment | Stores incident-level public comments and optional source feedback-comment lineage.
937	T	row28	49 | IncidentSupport | Stores one support record per resident for a public incident.
938	T	row29	50 | MessengerFeedbackDraftAttach ment | Stores Messenger evidence collected before a report is confirmed.
939	P		
940	P	Heading3	3.2 Common Functions
941	P	Heading4	3.2.1 Sign in and refresh session
942	P		Function trigger: A user submits email/password credentials or the client needs to renew an authenticated session.
943	P		Actor: Public Visitor; all authenticated roles for token refresh.
944	P		Function description: Authenticates an active account, returns the phone-verification flag and maintains the JWT access/refresh-token session. Unverified residents can sign in but cannot submit reports.
945	P		Screen layout:
946	P		
947	P		Function details:
948	P		User enters email and password and selects Sign in.
949	P		The system validates required fields, account active state, email verification and password hash.
950	P		The system returns an access token, refresh token and role-aware account data on success.
951	P		When the access token expires, the client submits the stored refresh token.
952	P		The system rejects expired, revoked or mismatched refresh tokens and otherwise renews the session.
953	P		This function is supported by the web application or the named integration channel.
954	P		Business Rules: BR-006, BR-007, BR-012, BR-013, BR-021, BR-032.
955	P	Heading4	3.2.2 Register and verify email
956	P		Function trigger: A public visitor creates a resident account and completes email verification.
957	P		Actor: Public Visitor; Service User.
958	P		Function description: Creates a SERVICEUSER account, sends a cooldown-controlled OTP and verifies the email address.
959	P		Screen layout:
960	P		
961	P		Function details:
962	P		Visitor enters full name, unique email and a password of at least six characters.
963	P		The system creates an unverified SERVICEUSER account.
964	P		Registration creates the account with an unverified email address and the email provider sends a six-digit OTP to that address. The phone number is optional at registration.
965	P		The resident may request resend after the configured cooldown; only a hashed OTP is cached.
966	P		A correct current OTP marks the phone verified and returns refreshed access/refresh tokens.
967	P		This function is supported by the web application or the named integration channel.
968	P		Business Rules: BR-001 to BR-005, BR-014 to BR-018.
969	P	Heading4	3.2.3 Sign in with Google
970	P		Function trigger: A visitor chooses Google authentication.
971	P		Actor: Public Visitor.
972	P		Function description: Validates a Google ID token and signs in the corresponding verified UrbanMind account.
973	P		Screen layout:
974	P		
975	P		Function details:
976	P		Client obtains a Google ID token and sends it to the backend.
977	P		The system validates token audience, expiry and Google's email-verification claim.
978	P		The system locates the matching UrbanMind account and checks active state.
979	P		The system returns the normal UrbanMind access and refresh tokens.
980	P		This function is supported by the web application or the named integration channel.
981	P		Business Rules: BR-006, BR-008 to BR-013.
982	P	Heading4	3.2.4 Manage resident profile
983	P		Function trigger: A signed-in resident opens or edits the profile screen.
984	P		Actor: Service User.
985	P		Function description: Displays and updates supported profile information for the current resident account.
986	P		Screen layout:
987	P		
988	P		Function details:
989	P		Resident opens Profile.
990	P		The system resolves the user ID from the JWT and returns the resident profile.
991	P		Resident edits supported fields and submits changes.
992	P		The system validates ownership and saves the updated profile.
993	P		This function is supported by the web application or the named integration channel.
994	P		Business Rules: BR-019, BR-021, BR-032.
995	P	Heading4	3.2.5 View and manage notifications
996	P		Function trigger: An authenticated user opens notifications or receives a realtime event.
997	P		Actor: All authenticated roles.
998	P		Function description: Shows persisted notifications and allows the owner to mark one or all messages as read.
999	P		Screen layout:
1000	P		
1001	P		Function details:
1002	P		User opens the paged notification list.
1003	P		The system returns only notifications owned by that user.
1004	P		User marks one notification or all notifications as read.
1005	P		SignalR may deliver new messages in realtime while database persistence remains authoritative.
1006	P		This function is supported by the web application or the named integration channel.
1007	P		Business Rules: BR-060, BR-131, BR-132.
1008	P	Heading4	3.2.6 Use AI assistant
1009	P		Function trigger: A resident sends an AI chat message or requests a feedback draft from a reflection.
1010	P		Actor: Service User; External AI Provider.
1011	P		Function description: Persists resident AI conversations and returns advisory chat or a structured draft for user review.
1012	P		Screen layout:
1013	P		
1014	P		Function details:
1015	P		Resident opens an existing conversation or starts a new one.
1016	P		The system stores the resident message and calls the configured AI provider.
1017	P		The system stores and returns the assistant response.
1018	P		For feedback drafting, the resident submits a reflection and receives structured draft fields.
1019	P		The resident must review and explicitly submit the draft through the feedback workflow.
1020	P		This function is supported by the web application or the named integration channel.
1021	P		Business Rules: BR-063, BR-064, BR-153, BR-154.
1022	P	Heading3	3.3 Resident Functions
1023	P	Heading4	3.3.1 Browse public incident feed
1024	P		Function trigger: A visitor or resident opens the public community feed.
1025	P		Actor: Public Visitor; Service User.
1026	P		Function description: Displays public feedback, details and related/master-ticket information with paging and filters.
1027	P		Screen layout:
1028	P		
1029	P		Function details:
1030	P		User opens the public incident feed and applies supported area/category/status filters.
1031	P		The system returns only non-merged incidents eligible for public projection.
1032	P		User opens an incident to view linked reports, comments, support totals and timeline.
1033	P		A signed-in resident may support, comment or subscribe through owner-scoped actions.
1034	P		This function is supported by the web application or the named integration channel.
1035	P		Business Rules: BR-052 to BR-054, BR-146.
1036	P	Heading4	3.3.2 Submit a report
1037	P		Function trigger: A resident reports an urban service issue.
1038	P		Actor: Service User.
1039	P		Function description: Creates a Submitted feedback ticket with location, area, optional category and optional evidence, then queues AI review.
1040	P		Screen layout:
1041	P		
1042	P		Function details:
1043	P		Resident selects an active area and enters title, description and location text.
1044	P		Resident may provide category, coordinates, location accuracy and evidence files.
1045	P		The system validates the area, category and configured geographic boundary.
1046	P		The system saves a Feedback report with Web channel and Submitted status; it does not create an Incident yet.
1047	P		Evidence is uploaded and the report is queued for AI category, priority, severity and matching analysis.
1048	P		This function is supported by the web application or the named integration channel.
1049	P		Business Rules: BR-033 to BR-046, BR-061, BR-062.
1050	P	Heading4	3.3.3 Manage own reports and incidents
1051	P		Function trigger: A resident views, edits or deletes feedback previously created by that account.
1052	P		Actor: Service User.
1053	P		Function description: Provides paged ownership-scoped feedback access and permits modification only in eligible states.
1054	P		Screen layout:
1055	P		
1056	P		[Screen image to be inserted by the project team.] Function details:
1057	P		Resident opens My Feedback and applies paging or filters.
1058	P		The system returns only feedback owned by the current user.
1059	P		Resident opens detail to inspect status, history, related tickets and resolution data.
1060	P		Resident may edit or delete only when ownership and workflow-state rules allow it.
1061	P		This function is supported by the web application or the named integration channel.
1062	P		Business Rules: BR-021, BR-043, BR-053, BR-054, BR-096, BR-146.
1063	P	Heading4	3.3.4 Manage feedback attachments
1064	P		Function trigger: A resident adds or removes evidence for owned feedback. Actor: Service User; Cloudinary.
1065	P		Function description: Uploads non-empty evidence files and stores their Cloudinary metadata, or removes an owned attachment.
1066	P		Screen layout:
1067	P		
1068	P		Function details:
1069	P		Resident selects one or more files from feedback detail.
1070	P		The system verifies feedback access and non-empty file input.
1071	P		Cloudinary uploads each file and returns a usable URL.
1072	P		The system stores attachment metadata or rejects the operation without partial invalid records.
1073	P		Resident may delete an attachment belonging to owned feedback.
1074	P		This function is supported by the web application or the named integration channel.
1075	P		Business Rules: BR-044 to BR-046, BR-153.
1076	P	Heading4	3.3.5 Comment on reports and incidents
1077	P		Function trigger: A resident needs to clarify or follow up on a feedback ticket.
1078	P		Actor: Service User; authorized internal roles.
1079	P		Function description: Adds resident comments and supports authorized ticket conversation messages.
1080	P		Screen layout:
1081	P		
1082	P		Function details:
1083	P		Resident opens an owned or otherwise accessible feedback item.
1084	P		Resident adds a non-empty feedback comment or opens the ticket conversation.
1085	P		The system verifies access and message length before persistence.
1086	P		Authorized participants receive the stored message and optional realtime notification.
1087	P		This function is supported by the web application or the named integration channel.
1088	P		Business Rules: BR-047, BR-055 to BR-060, BR-132.
1089	P	Heading4	3.3.6 Support and subscribe to incidents
1090	P		Function trigger: A resident indicates that the same public issue affects them.
1091	P		Actor: Service User.
1092	P		Function description: Adds or removes one ownership-scoped support record for a public feedback item.
1093	P		Screen layout:
1094	P		
1095	P		Function details:
1096	P		Resident opens a public feedback item.
1097	P		Resident selects Support to create one support record.
1098	P		The system prevents duplicate support by the same resident.
1099	P		Resident may remove only their own support record.
1100	P		This function is supported by the web application or the named integration channel.
1101	P		Business Rules: BR-048, BR-049, BR-052.
1102	P	Heading4	3.3.7 Review an approved incident resolution
1103	P		Function trigger: Owned feedback reaches Approved status.
1104	P		Actor: Service User.
1105	P		Function description: Captures the feedback owner's one-to-five rating and optional review comment.
1106	P		Screen layout:
1107	P		
1108	P		Function details:
1109	P		Resident opens the approved feedback resolution.
1110	P		The system verifies feedback ownership and Approved status.
1111	P		Resident selects a rating from one through five and may add a comment.
1112	P		The system stores the resolution review for quality analysis.
1113	P		This function is supported by the web application or the named integration channel.
1114	P		Business Rules: BR-050, BR-051, BR-094.
1115	P	Heading4	3.3.8 Manage area subscriptions and alerts
1116	P		Function trigger: A resident follows an operating area or checks local alerts.
1117	P		Actor: Service User.
1118	P		Function description: Creates or removes unique area subscriptions and displays active relevant alerts.
1119	P		Screen layout:
1120	P		
1121	P		Function details:
1122	P		Resident opens Area Subscriptions and views currently followed areas.
1123	P		Resident selects an active area to follow; duplicate subscriptions are rejected.
1124	P		Resident may remove only their own subscription.
1125	P		The Area Alerts screen returns active alerts for relevant subscribed areas.
1126	P		This function is supported by the web application or the named integration channel.
1127	P		Business Rules: BR-127 to BR-130.
1128	P	Heading3	3.4 System Staff Functions
1129	P	Heading4	3.4.1 View assigned incident operations
1130	P		Function trigger: System staff opens the management feedback workspace.
1131	P		Actor: System Staff.
1132	P		Function description: Displays paged all-feedback and AI-reviewed queues with operational details and filters.
1133	P		Screen layout:
1134	P		
1135	P		Function details:
1136	P		Staff opens the feedback queue and applies status, priority, area, category or search filters.
1137	P		The system enforces management-role access and returns a paged result.
1138	P		Staff opens ticket detail to view AI result, history, SLA, provider reports and resolution context.
1139	P		This function is supported by the web application or the named integration channel.
1140	P		Business Rules: BR-021, BR-024, BR-032, BR-146.
1141	P	Heading4	3.4.5 Assign provider to an incident
1142	P		Function trigger: Verified feedback is ready for external provider coordination.
1143	P		Actor: System Staff; Provider Coordinator.
1144	P		Function description: Finds matching active provider candidates and creates the provider-report assignment.
1145	P		Screen layout:
1146	P		
1147	P		Function details:
1148	P		Assigned staff opens provider candidates from the Incident detail.
1149	P		The system matches active coverage by Incident area and category and enforces staff responsibility scope.
1150	P		Staff selects a coordinator and submits assignment.
1151	P		The Incident must be Assigned and can receive only one provider assignment.
1152	P		This function is supported by the web application or the named integration channel.
1153	P		Business Rules: BR-025, BR-078 to BR-081.
1154	P	Heading4	3.4.6 Manage incident provider assignment and contact logs
1155	P		Function trigger: Staff contacts the external provider coordinator.
1156	P		Actor: System Staff; Provider Coordinator.
1157	P		Function description: Tracks provider report status and records each external contact attempt and result.
1158	P		Screen layout:
1159	P		
1160	P		
1161	P		Function details:
1162	P		Staff opens the provider report and existing contact history.
1163	P		Staff records contact method, result, timestamp and notes.
1164	P		The system validates provider-report status and stores the staff actor.
1165	P		A successful contact may move the provider assignment and Incident to InProgress.
1166	P		This function is supported by the web application or the named integration channel.
1167	P		Business Rules: BR-025, BR-081 to BR-085, BR-097, BR-155.
1168	P	Heading4	3.4.7 Upload completion documents
1169	P		Function trigger: The provider coordinator supplies completion evidence to staff.
1170	P		Actor: System Staff; Provider Coordinator; Cloudinary.
1171	P		Function description: Uploads provider completion evidence and associates it with the current provider report.
1172	P		Screen layout:
1173	P		
1174	P		Function details:
1175	P		Staff selects one or more files received from the provider.
1176	P		The system verifies the provider report and file input.
1177	P		Cloudinary uploads the files and returns storage URLs.
1178	P		The system stores completion-document metadata for resolution review.
1179	P		This function is supported by the web application or the named integration channel.
1180	P		Business Rules: BR-086, BR-087, BR-153.
1181	P	Heading4	3.4.8 Submit incident resolution for approval
1182	P		Function trigger: Provider work is complete or a prior submission requires rework.
1183	P		Actor: System Staff.
1184	P		Function description: Submits resolution title, message, action/result information and valid provider evidence for manager approval.
1185	P		Screen layout:
1186	P		
1187	P		Function details:
1188	P		Staff reviews provider report, contact logs and completion documents.
1189	P		Staff enters required resolution title and message.
1190	P		The system requires InProgress or NeedRework feedback and an InProgress provider report.
1191	P		The system stores the resolution and moves the Incident to SubmittedForApproval.
1192	P		This function is supported by the web application or the named integration channel.
1193	P		Business Rules: BR-088 to BR-091, BR-097, BR-098.
1194	P	Heading4	3.4.9 Create area alert
1195	P		Function trigger: Staff identifies an urgent area risk or creates a manual operational alert.
1196	P		Actor: System Staff; Interaction Manager for feedback-derived alert.
1197	P		Function description: Creates an alert with area, severity, message and active time window, optionally from High/Urgent feedback.
1198	P		Screen layout:
1199	P		
1200	P		Function details:
1201	P		Staff chooses manual alert or alert-from-feedback.
1202	P		The system validates area, title, message, severity and time range.
1203	P		Feedback-derived alerts require High or Urgent urgency.
1204	P		The system stores the alert for matching resident subscriptions.
1205	P		This function is supported by the web application or the named integration channel.
1206	P		Business Rules: BR-124 to BR-130.
1207	P	Heading4	3.4.10 Manage report and incident interaction
1208	P		Function trigger: Staff needs clarification or must respond to a resident on a ticket.
1209	P		Actor: System Staff; Service User.
1210	P		Function description: Displays authorized ticket conversation history and persists staff messages or internal notes. Screen layout:
1211	P		
1212	P		Function details:
1213	P		Staff opens the ticket interaction panel.
1214	P		The system verifies staff access to the ticket.
1215	P		Staff sends a resident-visible message or authorized internal note.
1216	P		The system validates content and persists the message before realtime delivery.
1217	P		This function is supported by the web application or the named integration channel.
1218	P		Business Rules: BR-055 to BR-060, BR-132.
1219	P	Heading4	3.4.11 Operate incident SLA
1220	P		Function trigger: Staff records the first response, completion or reviews SLA state for a ticket.
1221	P		Actor: System Staff.
1222	P		Function description: Shows current SLA, status and timeline and supports staff-authorized milestones.
1223	P		Screen layout:
1224	P		
1225	P		Function details:
1226	P		Authorized user opens the current Incident SLA and timeline.
1227	P		The system displays response/resolution targets, status and event timeline.
1228	P		Staff records first response once when SLA is Running.
1229	P		INTERACTIONMANAGER completes/cancels/recalculates while SYSTEMSTAFF records first response.
1230	P		This function is supported by the web application or the named integration channel.
1231	P		Business Rules: BR-103, BR-104, BR-111 to BR-123.
1232	P	Heading4	3.4.12 View incident operational dashboards
1233	P		Function trigger: Staff opens feedback or SLA monitoring dashboards.
1234	P		Actor: System Staff.
1235	P		Function description: Displays paged and aggregated feedback/SLA operational metrics for action prioritization.
1236	P		Screen layout:
1237	P		
1238	P		Function details:
1239	P		Staff selects date or supported dashboard filters.
1240	P		The system returns feedback overview, distributions, trend, urgent and recent data.
1241	P		The system returns SLA overview, compliance, performance and breach-risk data.
1242	P		Staff opens a relevant ticket from a dashboard list for follow-up.
1243	P		This function is supported by the web application or the named integration channel.
1244	P		Business Rules: BR-021, BR-024, BR-121, BR-146.
1245	P	Heading3	3.5 Interaction Manager Functions
1246	P	Heading4	3.5.1 Review and approve incident resolution
1247	P		Function trigger: Feedback reaches SubmittedForApproval.
1248	P		Actor: Interaction Manager.
1249	P		Function description: Reviews ticket history, provider coordination and completion evidence before approving the resolution.
1250	P		Screen layout:
1251	P		
1252	P		Function details:
1253	P		Manager opens the submitted-resolution queue or ticket detail.
1254	P		The system displays resolution, provider report, contact logs and completion documents.
1255	P		Manager selects Approve when the result is acceptable.
1256	P		The system requires SubmittedForApproval, stores history, moves to Approved and notifies the resident.
1257	P		This function is supported by the web application or the named integration channel.
1258	P		Business Rules: BR-026, BR-092, BR-094, BR-097, BR-098.
1259	P	Heading4	3.5.2 Require incident resolution rework
1260	P		Function trigger: The submitted resolution or evidence is insufficient.
1261	P		Actor: Interaction Manager.
1262	P		Function description: Returns a SubmittedForApproval feedback item to staff for corrective work.
1263	P		Screen layout:
1264	P		
1265	P		Function details:
1266	P		Manager reviews the submitted result and evidence.
1267	P		Manager records the need for rework through the supported action.
1268	P		The system requires SubmittedForApproval and moves the ticket to NeedRework.
1269	P		Staff receives the ticket for additional provider coordination or resolution revision.
1270	P		This function is supported by the web application or the named integration channel.
1271	P		Business Rules: BR-026, BR-093, BR-095, BR-097, BR-098.
1272	P	Heading4	3.5.3 Monitor incident and SLA dashboards
1273	P		Function trigger: A manager reviews service quality, workload or SLA risk.
1274	P		Actor: Interaction Manager.
1275	P		Function description: Uses feedback and SLA aggregates to identify urgent work, trends and breach risk.
1276	P		Screen layout:
1277	P		
1278	P		Function details:
1279	P		Manager opens the feedback dashboard and reviews status, priority, category, area and monthly trend.
1280	P		Manager reviews urgent-open and recent ticket lists.
1281	P		Manager opens the SLA dashboard to review compliance, performance and violations.
1282	P		Manager follows a dashboard item into ticket detail for action.
1283	P		This function is supported by the web application or the named integration channel.
1284	P		Business Rules: BR-024, BR-121, BR-146.
1285	P	Heading4	3.5.4 Manage service providers and coverage
1286	P		Function trigger: Provider contact or coverage information changes.
1287	P		Actor: Interaction Manager; System Administrator.
1288	P		Function description: Creates, updates and activates/deactivates provider coordinators and their unique area/category coverage.
1289	P		Screen layout:
1290	P		
1291	P		Function details:
1292	P		Manager searches providers and opens provider detail.
1293	P		Manager enters required provider, coordinator and phone information.
1294	P		Manager creates or updates coverage using active area and category values.
1295	P		The system prevents duplicate provider-area-category coverage.
1296	P		This function is supported by the web application or the named integration channel.
1297	P		Business Rules: BR-027, BR-139 to BR-141, BR-146.
1298	P	Heading4	3.5.5 Manage SLA policies
1299	P		Function trigger: Response or resolution targets must be configured for an area/category/priority scope.
1300	P		Actor: Interaction Manager; System Administrator.
1301	P		Function description: Creates, updates and changes active state of validated SLA policies.
1302	P		Screen layout:
1303	P		[Screen image to be inserted by the project team.] Function details:
1304	P		Manager searches policies and opens policy detail.
1305	P		Manager enters name, scope, priority, response/resolution targets and effective dates.
1306	P		The system validates target order, scope and active-policy uniqueness.
1307	P		Manager saves the policy or changes its active state.
1308	P		This function is supported by the web application or the named integration channel.
1309	P		Business Rules: BR-030, BR-105 to BR-110, BR-122, BR-146.
1310	P	Heading4	3.5.6 Add system interaction messages
1311	P		Function trigger: A manager must record an official system-level note on a ticket.
1312	P		Actor: Interaction Manager; System Administrator.
1313	P		Function description: Adds an authorized system message to the ticket interaction history.
1314	P		Screen layout:
1315	P		
1316	P		Function details:
1317	P		Manager opens the ticket interaction panel.
1318	P		Manager selects the system-message action and enters non-empty content.
1319	P		The system validates role, ticket access and maximum message length.
1320	P		The system persists the message and may publish a realtime update.
1321	P		This function is supported by the web application or the named integration channel.
1322	P		Business Rules: BR-058 to BR-060, BR-132.
1323	P	Heading4	3.5.7 Review AI analysis
1324	P		Function trigger: Feedback appears in the AI-reviewed queue.
1325	P		Actor: System Staff; AI Review Worker.
1326	P		Function description: Shows AI category, priority, sentiment, summary, confidence and duplicate proposals for human review.
1327	P		Screen layout:
1328	P		
1329	P		Function details:
1330	P		The worker processes Submitted feedback asynchronously.
1331	P		The system stores AnalysisResult and changes the ticket to AiReviewed when successful.
1332	P		Staff reviews AI suggestions and may correct supported classification fields.
1333	P		AI output remains advisory and does not approve business workflow decisions.
1334	P		This function is supported by the web application or the named integration channel.
1335	P		Business Rules: BR-041, BR-042, BR-061, BR-062, BR-153.
1336	P	Heading4	3.5.8 Verify a report and create an incident
1337	P		Function trigger: Staff finishes checking Submitted or AiReviewed feedback.
1338	P		Actor: System Staff.
1339	P		Function description: Validates operational data, updates classification and moves eligible feedback to Verified.
1340	P		Screen layout:
1341	P		
1342	P		Function details:
1343	P		Staff reviews resident content, location, attachments and AI analysis.
1344	P		Staff corrects category, priority or supported ticket data as needed.
1345	P		The system validates current status and required downstream data.
1346	P		Verification atomically creates or links the Incident, records events/history and synchronizes the incident SLA.
1347	P		This function is supported by the web application or the named integration channel.
1348	P		Business Rules: BR-025, BR-076, BR-077, BR-096 to BR-100.
1349	P	Heading4	3.5.9 Review incident match candidates
1350	P		Function trigger: AI proposes a potentially duplicate feedback item.
1351	P		Actor: System Staff; Interaction Manager; System Administrator.
1352	P		Function description: Allows authorized human review to confirm or reject a Pending duplicate proposal.
1353	P		Screen layout:
1354	P		
1355	P		Function details:
1356	P		Reviewer opens duplicate summary, list and candidate detail.
1357	P		The system displays proposed duplicate and master-ticket context.
1358	P		Reviewer confirms only when area, time, master eligibility and linkage rules pass.
1359	P		Reviewer may reject the Pending proposal.
1360	P		The system records reviewer, decision and linkage history.
1361	P		This function is supported by the web application or the named integration channel.
1362	P		Business Rules: BR-065 to BR-075.
1363	P	Heading3	3.6 System Administrator Functions
1364	P	Heading4	3.6.1 Manage user accounts
1365	P		Function trigger: An administrator creates or maintains resident/internal accounts.
1366	P		Actor: System Administrator.
1367	P		Function description: Lists users and roles, shows detail, creates/updates accounts, controls active state and resets passwords.
1368	P		Screen layout:
1369	P		
1370	P		
1371	P		Function details:
1372	P		Administrator searches the paged user list and views role options.
1373	P		Administrator creates or updates a user with required role, name, email and password data.
1374	P		The system enforces email uniqueness and role existence.
1375	P		Administrator may activate/deactivate another account or reset its password.
1376	P		The system prevents administrator self-deactivation.
1377	P		This function is supported by the web application or the named integration channel.
1378	P		Business Rules: BR-002, BR-003, BR-020, BR-023, BR-133 to BR-135, BR-146.
1379	P	Heading4	3.6.2 Manage operating areas
1380	P		Function trigger: The deployment geography or boundary configuration changes.
1381	P		Actor: System Administrator.
1382	P		Function description: Creates, updates and activates/deactivates operating areas used by feedback, alerts, coverage and SLA.
1383	P		Screen layout:
1384	P		
1385	P		Function details:
1386	P		Administrator lists or opens an operating area.
1387	P		Administrator enters AreaName, AreaType, administrative data and optional boundary/coordinates.
1388	P		The system validates required fields and BoundaryGeoJson when supplied.
1389	P		Administrator saves changes or changes active state.
1390	P		This function is supported by the web application or the named integration channel.
1391	P		Business Rules: BR-028, BR-034, BR-136, BR-137, BR-146.
1392	P	Heading4	3.6.3 Manage service categories
1393	P		Function trigger: The urban-service classification catalog changes.
1394	P		Actor: System Administrator.
1395	P		Function description: Creates, updates and activates/deactivates categories used by feedback, provider coverage and SLA policies.
1396	P		Screen layout:
1397	P		
1398	P		Function details:
1399	P		Administrator lists categories or opens category detail.
1400	P		Administrator enters a required category name and supported description/state.
1401	P		The system validates the category and persists changes.
1402	P		Inactive categories remain unavailable to new operational selection.
1403	P		This function is supported by the web application or the named integration channel.
1404	P		Business Rules: BR-028, BR-035, BR-138, BR-146.
1405	P	Heading4	3.6.4 Manage provider coordinators and coverage
1406	P		Function trigger: The provider directory or service scope changes.
1407	P		Actor: System Administrator; Interaction Manager.
1408	P		Function description: Maintains external provider contacts and unique active area/category coverage.
1409	P		Screen layout:
1410	P		
1411	P		Function details:
1412	P		Administrator searches providers and opens a coordinator record.
1413	P		Administrator creates or updates required provider/contact information.
1414	P		Administrator maintains coverage using valid active master data.
1415	P		The system prevents duplicate coverage and supports active-state changes.
1416	P		This function is supported by the web application or the named integration channel.
1417	P		Business Rules: BR-027, BR-139 to BR-141, BR-146.
1418	P	Heading4	3.6.5 Manage provider contracts
1419	P		Function trigger: A provider contract or supporting document is created or changed.
1420	P		Actor: System Administrator; System Staff.
1421	P		Function description: Maintains provider contract scope, dates and uploaded attachments.
1422	P		Screen layout:
1423	P		Function details:
1424	P		User searches contracts or opens contract detail.
1425	P		User enters required code, name, provider and start date plus optional scope/end date.
1426	P		The system validates provider and date range.
1427	P		User uploads one or more contract attachments through Cloudinary storage.
1428	P		This function is supported by the web application or the named integration channel.
1429	P		Business Rules: BR-142 to BR-144, BR-146, BR-153.
1430	P	Heading4	3.6.6 Manage staff and manager area assignments
1431	P		Function trigger: Staff responsibility for an operating area changes.
1432	P		Actor: System Administrator.
1433	P		Function description: Assigns active SYSTEMSTAFF accounts to active areas and changes assignment active state.
1434	P		Screen layout:
1435	P		
1436	P		Function details:
1437	P		Administrator lists current assignments by supported filters.
1438	P		Administrator selects a staff user and active operating area.
1439	P		The system verifies the user has SYSTEMSTAFF role and the area is active.
1440	P		Administrator creates the assignment or changes its active state.
1441	P		This function is supported by the web application or the named integration channel.
1442	P		Business Rules: BR-029, BR-145, BR-146.
1443	P	Heading4	3.6.7 Manage SLA policies
1444	P		Function trigger: An administrator maintains or removes SLA configuration.
1445	P		Actor: System Administrator.
1446	P		Function description: Performs full SLA-policy lifecycle, including deletion only when a policy is unused.
1447	P		Screen layout:
1448	P		
1449	P		Function details:
1450	P		Administrator lists and opens SLA policies.
1451	P		Administrator creates, updates or changes active state using validated scope and targets.
1452	P		Administrator may request deletion.
1453	P		The system blocks deletion when a policy has been applied to an Incident SLA.
1454	P		This function is supported by the web application or the named integration channel.
1455	P		Business Rules: BR-030, BR-105 to BR-110, BR-122, BR-146.
1456	P	Heading4	3.6.8 Monitor AI health and review queue
1457	P		Function trigger: An administrator checks AI integration or asynchronous review operations.
1458	P		Actor: System Administrator; System Staff; Interaction Manager.
1459	P		Function description: Displays configured AI-provider health and feedback-review queue/worker status.
1460	P		Screen layout:
1461	P		
1462	P		Function details:
1463	P		Authorized user opens AI Operations.
1464	P		The system reports provider health using the configured client.
1465	P		The system reports review queue depth and worker status.
1466	P		Integration errors are controlled and do not expose provider secrets.
1467	P		This function is supported by the web application or the named integration channel.
1468	P		Business Rules: BR-021, BR-024, BR-153, BR-154.
1469	P	Heading3	3.7 Service Role and Integration Functions
1470	P	Heading4	3.7.1 Service operator role boundary
1471	P		Function trigger: Authorized service operator staff records an SLA milestone for assigned operational work.
1472	P		Actor: Service Operator Staff.
1473	P		Function description: Allows the limited service-operator role to view authorized ticket/SLA context and record first response or completion.
1474	P		Screen layout:
1475	P		[Screen image to be inserted by the project team.] Function details:
1476	P		The role may authenticate, but controller authorization still determines each operation.
1477	P		The current first-response endpoint grants SYSTEMSTAFF, not SERVICEOPERATORSTAFF.
1478	P		Pause, resume, complete, cancel and recalculate actions grant INTERACTIONMANAGER.
1479	P		No report shall claim an operator workflow until an endpoint explicitly grants it. This function is supported by the web application or the named integration channel.
1480	P		Business Rules: BR-021, BR-022, BR-031, BR-103, BR-104, BR-111 to BR-123.
1481	P	Heading4	3.7.2 Process Messenger feedback intake
1482	P		Function trigger: Meta Messenger posts a verified webhook event.
1483	P		Actor: Meta Messenger; Messenger webhook worker.
1484	P		Function description: Runs the Messenger conversation state machine and creates feedback after resident confirmation.
1485	P		Screen layout:
1486	P		
1487	P		Function details:
1488	P		The webhook endpoint verifies token/signature and enqueues the payload quickly.
1489	P		The worker isolates conversation state by PageId and SenderPsid and ignores echo/duplicate messages.
1490	P		The bot collects title, description, location, area and confirmation using stable quick-reply payloads.
1491	P		After confirmation, the system creates feedback with Messenger submission channel and stores the submission link.
1492	P		This function is supported by the web application or the named integration channel.
1493	P		Business Rules: BR-147 to BR-152, BR-153 to BR-155.
1494	P	Heading4	3.7.3 Deliver realtime notifications
1495	P		Function trigger: A workflow action creates a user-facing notification.
1496	P		Actor: SignalR notification sender; authenticated client.
1497	P		Function description: Persists notification data and then pushes a realtime event to connected user clients.
1498	P		Screen layout:
1499	P		[Screen image to be inserted by the project team.] Function details:
1500	P		The business workflow creates a notification with user, title, message and type.
1501	P		The system persists the notification and read state.
1502	P		SignalR sends the event to connected clients for that user.
1503	P		Disconnected users still retrieve the notification from the paged notification API.
1504	P		This function is supported by the web application or the named integration channel.
1505	P		Business Rules: BR-060, BR-098, BR-131, BR-132, BR-153.
1506	P	Heading2	4. Non-Functional Requirements
1507	P	Heading3	4.1 External Interfaces
1508	P		The backend communicates with clients through REST APIs, Swagger/OpenAPI and the SignalR notification hub. It integrates with PostgreSQL through EF Core/Npgsql, Cloudinary for media, Brevo for email/OTP,
1509	P		Ollama/OpenRouter/Gemini-compatible AI clients for analysis and chat, Meta Messenger webhooks for channel feedback intake.
1510	P	Heading3	4.2 Quality Attributes
1511	P		The following quality attributes are required for the current UrbanMind backend and clientfacing workflows.
1512	P	Heading4	4.2.1 Usability
1513	P		The system shall provide clear validation messages, consistent API responses, searchable/paged lists, and role-appropriate screens for residents, staff, interaction managers and administrators. Common workflows such as submit feedback, verify feedback, assign provider coordinator, update SLA and review resolution should be discoverable without technical knowledge.
1514	P	Heading4	4.2.2 Reliability
1515	P		The system shall preserve feedback data, attachments metadata, status history, SLA events, contact logs and notifications even when external services temporarily fail.
1516	P		Availability target: core APIs should be deployable as a Dockerized service and expose /health for monitoring.
1517	P		Background workers for AI review, Messenger webhook processing and SLA monitoring should recover after application restart and continue processing queued or persisted data.
1518	P		Database transactions should protect multi-step workflows such as assignment, status change and resolution submission.
1519	P		Notifications should be stored in the database before or alongside realtime SignalR delivery so users can still read them later.
1520	P		External integration failures should return controlled error responses and must not corrupt feedback workflow state.
1521	P		Only authorized roles may update feedback status, SLA data, provider reports, users, areas, categories and provider configuration.
1522	P	Heading4	4.2.3 Performance
1523	P		The system should return common list/detail API responses within normal interactive web expectations under typical load. Paging is required for feedback lists, dashboards, notifications, provider lists and management screens.
1524	P		AI analysis may run asynchronously so resident feedback submission is not blocked by longrunning model calls.
1525	P		Media upload size and file count should follow configured Cloudinary/API limits.
1526	P		SLA monitoring interval, warning threshold and initial delay should be configurable by environment variables.
1527	P		SignalR notification delivery should not block the database status update transaction.
1528	P		4.2.4 Security
1529	P		All protected APIs shall require JWT bearer authentication and role authorization at the controller boundary.
1530	P		Access tokens shall include a valid user ID and role; refresh tokens shall be revocable and expirationcontrolled.
1531	P		Inactive accounts shall be denied authentication and protected operations.
1532	P		Residents shall access only their own profile, private feedback, conversations, notifications, subscriptions and resolution reviews.
1533	P		Management operations shall follow the implemented role matrix; provider coordinators shall not be treated as authenticated web actors.
1534	P		Messenger webhook signatures and idempotency data shall be validated before business processing.
1535	P		Passwords shall be stored as hashes; provider and integration tokens shall be encrypted or kept in secret configuration.
1536	P		Client errors shall not expose stack traces, secrets, connection strings, provider tokens or raw infrastructure details.
1537	P		Feedback status, SLA events, provider contacts, duplicate decisions and audit logs shall support traceability of privileged actions.
1538	P	Heading2	5. Requirement Appendix
1539	P		This appendix records business rules, common requirements, application messages and other constraints for the current UrbanMind backend.
1540	P	Heading3	5.1 Business Rules
1541	P		The following rules are derived from current controller authorization, BLL validation, feedback workflow, duplicate handling, SLA services, administration and channel integrations.
1542	T	row1	ID | Rule Definition
1543	T	row2	BR-001 | Full name, a unique email address and a password are required for registration; the phone number is optional.
1544	T	row3	BR-002 | An email address can belong to only one UrbanMind account.
1545	T	row4	BR-003 | A password created or reset through the current backend must contain at least six characters.
1546	T	row5	BR-004 | A self-registered account is assigned the SERVICEUSER role.
1547	T	row6	BR-005 | A newly registered or first-time Google account may sign in while unverified, but cannot submit a report until email OTP verification succeeds.
1548	T	row7	BR-006 | An inactive account cannot authenticate or use protected operations.
1549	T	row8	BR-007 | Email/password login succeeds only when both credentials match an active account.
1550	T	row9	BR-008 | Google login requires a non-empty Google ID token.
1551	T	row10	BR-009 | The Google ID token must be valid and unexpired for the configured Google client ID.
1552	T	row11	BR-010 | Google must report the account email as verified.
1553	T	row12	BR-011 | Google login is accepted only for an account recognized by UrbanMind.
1554	T	row13	BR-012 | JWT access tokens must carry a valid user identifier and role claim.
1555	T	row14	BR-013 | A refresh token must exist, match the account, remain unrevoked and remain unexpired.
1556	T	row15	BR-014 | An email verification OTP is requested by the signed-in account, so the endpoint requires a valid JWT.
1557	T	row16	BR-015 | An account must wait for the configured cooldown before another verification OTP is issued.
1558	T	row17	BR-016 | Email verification requires a six-digit numeric OTP.
1559	T	row18	BR-017 | Email verification succeeds only for the current hashed, unexpired OTP and invalid attempts are limited.
1560	T	row19	BR-018 | A verified account does not repeat email verification; report submission enforces IsVerified.
1561	T	row20	BR-019 | Only a SERVICEUSER can access the resident profile endpoints, and only for the current account.
1562	T	row21	BR-020 | A system administrator cannot deactivate their own account.
1563	T	row22	BR-021 | All protected endpoints require a valid bearer token.
1564	T	row23	BR-022 | Authorization must use the implemented roles: SERVICEUSER, SYSTEMSTAFF, INTERACTIONMANAGER, SYSTEMADMIN and SERVICEOPERATORSTAFF.
1565	T	row24	BR-023 | User, role and password administration is restricted to SYSTEMADMIN.
1566	T	row25	BR-024 | Management report/incident reads are restricted by role and, where configured, manager or staff area scope.
1567	T	row26	BR-025 | Managers verify reports and assign incident staff; SYSTEMSTAFF performs incident provider coordination and resolution submission only within active responsibilities.
1568	T	row27	BR-026 | Resolution approval and rework decisions are restricted to INTERACTIONMANAGER.
1569	T	row28	BR-027 | Provider coordinator creation, update, activation and coverage maintenance are restricted to INTERACTIONMANAGER and SYSTEMADMIN.
1570	P		
1571	T	row1	ID | Rule Definition
1572	T	row2	BR-028 | Area and category creation, update and active-state changes are restricted to SYSTEMADMIN.
1573	T	row3	BR-029 | Staff responsibility assignments use area and optional category; manager area assignments are maintained by SYSTEMADMIN.
1574	T	row4	BR-030 | Only INTERACTIONMANAGER or SYSTEMADMIN may create, update or activate SLA policies; deletion is restricted to SYSTEMADMIN.
1575	T	row5	BR-031 | SERVICEOPERATORSTAFF is recognized but has no dedicated Incident or SLA controller permission in the current implementation.
1576	T	row6	BR-032 | Every role-protected operation must reject a token whose role does not match the endpoint policy.
1577	T	row7	BR-033 | Report submission requires a verified email address, a valid AreaId, Title, Description and LocationText.
1578	T	row8	BR-034 | The selected operating area must exist and be active.
1579	T	row9	BR-035 | When CategoryId is provided, the category must exist and be active.
1580	T	row10	BR-036 | When an area boundary is configured, the submitted location must fall inside that boundary.
1581	T	row11	BR-037 | Feedback latitude and longitude are optional, but stored coordinates must represent the selected issue location.
1582	T	row12	BR-038 | A missing submission channel defaults to Web.
1583	T	row13	BR-039 | Supported feedback submission channels are Web and Messenger.
1584	T	row14	BR-040 | Newly created feedback starts in Submitted status.
1585	T	row15	BR-041 | New feedback is queued for asynchronous AI review after persistence.
1586	T	row16	BR-042 | AI review may update category, priority and analysis fields but cannot replace human workflow approval.
1587	T	row17	BR-043 | A resident can update or delete only feedback owned by that resident and only while the workflow permits it.
1588	T	row18	BR-044 | An attachment operation is allowed only through feedback owned or accessible to the current user.
1589	T	row19	BR-045 | At least one non-empty file is required for a feedback attachment upload request.
1590	T	row20	BR-046 | Cloudinary must return a usable URL before attachment metadata is committed.
1591	T	row21	BR-047 | FeedbackComment and IncidentComment content must be non-empty; incident comments may preserve source report lineage.
1592	T	row22	BR-048 | A resident can support the same public Incident at most once.
1593	T	row23	BR-049 | Removing Incident support affects only the current resident's support record.
1594	T	row24	BR-050 | A resident can review an approved Incident resolution only through an owned actively linked Feedback report.
1595	T	row25	BR-051 | Resolution rating must be an integer from one through five.
1596	T	row26	BR-052 | Public Incident APIs expose non-merged public projections and only permitted linked-report data.
1597	T	row27	BR-053 | A Feedback report can have at most one active IncidentReportLink; unlink preserves audit history instead of deleting the report.
1598	T	row28	BR-054 | An Incident can aggregate multiple active report links, and cannot merge into itself.
1599	T	row29	BR-055 | Ticket interaction messages are visible only to the feedback owner or authorized internal roles.
1600	T	row30	BR-056 | A user may send a ticket message only when authorized for that feedback.
1601	T	row31	BR-057 | Internal notes can be sent only by staff, manager or administrator roles.
1602	T	row32	BR-058 | System messages can be created only by INTERACTIONMANAGER or SYSTEMADMIN.
1603	P		
1604	T	row1	ID | Rule Definition
1605	T	row2	BR-059 | Interaction message content is required and must not exceed the configured maximum length.
1606	T	row3	BR-060 | Notifications belong to one user and may be marked read only by that user.
1607	T	row4	BR-061 | AI feedback review can start only for Submitted feedback.
1608	T	row5	BR-062 | AI review must resolve category and priority to values accepted by the system before finalizing analysis.
1609	T	row6	BR-063 | AI-generated feedback drafts are returned to the resident for review and are not automatically submitted.
1610	T	row7	BR-064 | AI chat conversations and messages are accessible only to their owning resident.
1611	T	row8	BR-065 | An Incident match candidate remains Pending until an authorized manager confirms or rejects it.
1612	T	row9	BR-066 | Only a Pending duplicate proposal can be confirmed.
1613	T	row10	BR-067 | Only a Pending duplicate proposal can be rejected.
1614	T	row11	BR-068 | A report cannot be matched to itself and an Incident cannot merge into itself.
1615	T	row12	BR-069 | The proposed duplicate and master feedback must belong to the same operating area.
1616	T	row13	BR-070 | The selected master feedback must have been created before the duplicate feedback.
1617	T	row14	BR-071 | The selected master feedback must be public and in an eligible master status.
1618	T	row15	BR-072 | A Feedback report already actively linked to an Incident cannot receive another active Incident link.
1619	T	row16	BR-073 | A feedback item that already has child duplicates cannot itself become a duplicate.
1620	T	row17	BR-074 | Candidate confirmation preserves compatibility fields, incident links/events and subscription side effects transactionally.
1621	T	row18	BR-075 | The system must store the reviewer and decision timestamp for duplicate confirmation or rejection.
1622	T	row19	BR-076 | Report verification is permitted only from Submitted or AiReviewed and creates/links the operational Incident.
1623	T	row20	BR-077 | A verified report must supply valid area/category/priority data used to initialize the Incident.
1624	T	row21	BR-078 | Provider assignment is permitted only for an Assigned Incident and by an authorized SYSTEMSTAFF member.
1625	T	row22	BR-079 | The provider coordinator must be active and cover the Incident area/category.
1626	T	row23	BR-080 | An Incident can have only one provider assignment; it cannot be silently changed after creation.
1627	T	row24	BR-081 | A provider coordinator is an external contact and does not perform direct management-web actions.
1628	T	row25	BR-082 | A provider contact log requires a non-empty contact method.
1629	T	row26	BR-083 | Provider contact logs must preserve the staff actor, contact time, method, result and optional notes.
1630	T	row27	BR-084 | Provider report status must be one of the values accepted by the feedback service.
1631	T	row28	BR-085 | A successful provider contact may move the provider assignment and Incident to InProgress.
1632	T	row29	BR-086 | Completion-document upload requires files, an existing incident provider assignment and staff access to that Incident.
1633	T	row30	BR-087 | Completion evidence is uploaded by staff on behalf of the external provider coordinator.
1634	T	row31	BR-088 | Resolution title and message are required.
1635	T	row32	BR-089 | A resolution can be submitted only when the Incident is InProgress or NeedRework.
1636	T	row33	BR-090 | The selected provider report must be valid and InProgress before resolution submission.
1637	T	row34	BR-091 | Submitting a resolution moves the Incident to SubmittedForApproval.
1638	P		
1639	T	row1	ID | Rule Definition
1640	T	row2	BR-092 | A resolution can be approved only while the Incident is SubmittedForApproval or in the implemented review-compatible state.
1641	T	row3	BR-093 | A rework decision can be made only when feedback is SubmittedForApproval.
1642	T	row4	BR-094 | Approval moves the Incident to Approved, updates linked-report compatibility status and notifies subscribed/linked users.
1643	T	row5	BR-095 | Rework moves the Incident to NeedRework and returns the assigned staff/provider workflow for correction.
1644	T	row6	BR-096 | Incident status must normalize to New, Verified, Assigned, InProgress, Resolved, SubmittedForApproval, Approved, Rejected, NeedRework, Closed, Cancelled or Merged.
1645	T	row7	BR-097 | Incident lifecycle changes must create IncidentEvent records; report compatibility changes retain FeedbackStatusHistory.
1646	T	row8	BR-098 | User-facing status changes should create a persisted notification where the workflow requires it.
1647	T	row9	BR-099 | An Incident SLA may start only for an eligible verified Incident with required scope data.
1648	T	row10	BR-100 | The Incident must have area, category and priority before SLA policy selection.
1649	T	row11	BR-101 | The system selects an active/effective SLA policy matching the Incident scope and priority.
1650	T	row12	BR-102 | Only one current IncidentSla can exist for an Incident.
1651	T	row13	BR-103 | SLA status must be Running, Paused, Completed or Cancelled.
1652	T	row14	BR-104 | SLA target status must be Pending, Met or Breached.
1653	T	row15	BR-105 | Response and resolution target durations must be greater than zero.
1654	T	row16	BR-106 | Resolution target duration cannot be shorter than response target duration.
1655	T	row17	BR-107 | An SLA policy name is required and cannot exceed 200 characters.
1656	T	row18	BR-108 | An SLA policy requires a valid priority and effective start time.
1657	T	row19	BR-109 | An SLA policy effective end time, when provided, must be later than its start time.
1658	T	row20	BR-110 | Two active SLA policies cannot have the same area, category, priority and overlapping effective scope.
1659	T	row21	BR-111 | Only a Running SLA can be paused.
1660	T	row22	BR-112 | Pausing an SLA requires a valid pause reason code and explanation where configured.
1661	T	row23	BR-113 | An SLA cannot contain more than one open pause period.
1662	T	row24	BR-114 | Only a Paused SLA with an open pause history can be resumed.
1663	T	row25	BR-115 | A paused SLA must be resumed before it can be completed or recalculated.
1664	T	row26	BR-116 | The first-response milestone cannot be recorded for a paused, completed or cancelled SLA.
1665	T	row27	BR-117 | The first-response milestone can be recorded only once.
1666	T	row28	BR-118 | A completed SLA cannot be cancelled or recalculated.
1667	T	row29	BR-119 | A cancelled SLA cannot be completed.
1668	T	row30	BR-120 | Recalculation must use the current matching policy and preserve timeline traceability.
1669	T	row31	BR-121 | SLA monitoring must persist warning and breach events rather than relying only on realtime output.
1670	T	row32	BR-122 | An SLA policy cannot be deleted after it has been applied to an Incident SLA.
1671	T	row33	BR-123 | SLA timeline results must include lifecycle events and pause/resume history.
1672	T	row34	BR-124 | An area alert requires a title, message and severity.
1673	P		
1674	T	row1	ID | Rule Definition
1675	T	row2	BR-125 | An alert end time, when provided, must be later than its start time.
1676	T	row3	BR-126 | A feedback-derived area alert can be created only when the source report meets the implemented urgency/severity rule.
1677	T	row4	BR-127 | A resident can subscribe only to an existing active area.
1678	T	row5	BR-128 | A resident cannot create duplicate subscriptions to the same area.
1679	T	row6	BR-129 | Deleting an area subscription affects only the current resident's subscription.
1680	T	row7	BR-130 | Resident area-alert results are limited to relevant subscribed areas and active alert windows.
1681	T	row8	BR-131 | Notification title and message are required before persistence.
1682	T	row9	BR-132 | Notification persistence must occur before or alongside SignalR delivery so offline users retain the message.
1683	T	row10	BR-133 | An administrator-created user requires RoleId, FullName, Email and a valid password.
1684	T	row11	BR-134 | An administrator may assign only an existing role.
1685	T	row12	BR-135 | User email must remain unique during administrative creation or update.
1686	T	row13	BR-136 | AreaName and AreaType are required for operating-area creation.
1687	T	row14	BR-137 | BoundaryGeoJson, when supplied, must be valid geometry accepted by the area service.
1688	T	row15	BR-138 | CategoryName is required for service-category creation.
1689	T	row16	BR-139 | ProviderName, CoordinatorName and PhoneNumber are required for a provider coordinator; providers remain external contacts.
1690	T	row17	BR-140 | Provider coverage requires an existing active provider, active area and active category.
1691	T	row18	BR-141 | Provider-area-category coverage must be unique.
1692	T	row19	BR-142 | A provider contract requires ContractCode, ContractName, provider and StartDate.
1693	T	row20	BR-143 | Contract EndDate, when supplied, must not precede StartDate.
1694	T	row21	BR-144 | Contract attachment upload requires at least one file and an existing contract.
1695	T	row22	BR-145 | A staff responsibility requires an active SYSTEMSTAFF user, active area and optional valid category; manager scope uses ManagerAreaAssignment.
1696	T	row23	BR-146 | Management list endpoints must support paging and applicable filters rather than returning unbounded datasets.
1697	T	row24	BR-147 | Messenger webhook verification must use the configured verification token.
1698	T	row25	BR-148 | Messenger webhook payloads must pass the configured HMAC signature check before processing.
1699	T	row26	BR-149 | Messenger conversation state must be isolated by PageId and SenderPsid.
1700	T	row27	BR-150 | Messenger must ignore echo messages and duplicate LastMessageId values.
1701	T	row28	BR-151 | Messenger-created feedback must use SubmissionChannel = Messenger.
1702	T	row29	BR-152 | The configured Messenger submission user must be an active SERVICEUSER account.
1703	T	row30	BR-153 | AI, email, media and channel integration failures must return controlled errors without corrupting workflow state.
1704	T	row31	BR-154 | Secrets, tokens and provider credentials must never be returned in client error messages or written to the SRS.
1705	T	row32	BR-155 | Audit, report status, IncidentEvent, IncidentSla, provider contact and webhook histories must be retained for traceability.
1706	P	Heading3	5.2 Common Requirements
1707	P		CR-01: All protected requests use JWT authentication and the implemented role constants.
1708	P		CR-02: API responses use the shared ApiResponse contract and controlled HTTP status codes.
1709	P		CR-03: List endpoints support paging and relevant filters for operational datasets.
1710	P		CR-04: Date/time values are generated and stored consistently using UTC in backend workflows.
1711	P		CR-05: Feedback, provider, SLA and notification changes preserve database traceability.
1712	P		CR-06: File uploads use configured Cloudinary storage and persist only valid returned metadata.
1713	P		CR-07: External-service failure must not leave an invalid partial workflow state.
1714	P		CR-08: User-facing state changes persist notifications even when realtime delivery is unavailable.
1715	P		CR-09: AI output is advisory and human review remains mandatory for duplicate and resolution decisions.
1716	P		CR-10: Public endpoints expose only resident-safe feedback data.
1717	P		CR-11: Screen labels may localize status text but must not change backend status values.
1718	P		CR-12: Screen implementations shall remain responsive, keyboard accessible and readable without coloronly status cues.
1719	P		CR-13: Screens shall display loading, empty, success, validation and unexpected-error states.
1720	P		CR-14: Frontend clients shall preserve paging/filter query state when returning from a detail screen.
1721	P		CR-15: Uploaded media controls shall show configured file limits before submission.
1722	P		CR-16: Messenger webhook endpoints shall acknowledge valid requests quickly and delegate long work to queues/workers.
1723	P		CR-17: Swagger/OpenAPI shall remain available for API integration and contract verification.
1724	P		CR-18: Database schema changes shall use new EF Core migrations and preserve backward compatibility where possible.
1725	P	Heading3	5.3 Application Messages List
1726	P		The application-message catalog below includes validation, success, warning, notification and integration messages for the implemented backend workflows. UI wording may be localized, but the triggering condition must remain aligned with the backend rule.
1727	T	row1	# | Message code | Message Type | Context | Content
1728	T	row2	1 | MSG001 | Validation | Registration fields missing | Full name, email and password are required.
1729	T	row3	2 | MSG002 | Validation | Password too short | Password must contain at least 6 characters.
1730	T	row4	3 | MSG003 | Validation | Email already used | This email address is already in use.
1731	T	row5	4 | MSG004 | Success | Registration completed | Account created successfully. Please verify your email.
1732	T	row6	5 | MSG005 | Validation | Login fields missing | Email and password are required.
1733	T	row7	6 | MSG006 | Error | Invalid credentials | Email or password is incorrect.
1734	T	row8	7 | MSG007 | Warning | Account inactive | This account has been deactivated.
1735	P		
1736	T	row1	# | Message code | Message Type | Context | Content
1737	T	row2	8 | MSG008 | Warning | Email not verified | Please verify your email before continuing.
1738	T	row3	9 | MSG009 | Success | Login completed | Signed in successfully.
1739	T	row4	10 | MSG010 | Validation | Google token missing | Google ID token is required.
1740	T	row5	11 | MSG011 | Error | Google token invalid | Google ID token is invalid or expired.
1741	T	row6	12 | MSG012 | Error | Google email unverified | Google has not verified this email address.
1742	T	row7	13 | MSG013 | Error | Google account not found | This Google account is not registered in UrbanMind.
1743	T	row8	14 | MSG014 | Success | Google login completed | Signed in with Google successfully.
1744	T	row9	15 | MSG015 | Error | Refresh token invalid | Refresh token is invalid, expired or revoked.
1745	T	row10	16 | MSG016 | Success | Session refreshed | Your session has been refreshed.
1746	T	row11	17 | MSG017 | Warning | Session expired | Your session has expired. Please sign in again.
1747	T	row12	18 | MSG018 | Warning | OTP cooldown | Please wait {seconds} seconds before requesting another OTP.
1748	T	row13	19 | MSG019 | Success | OTP sent | A verification code has been sent to your email.
1749	T	row14	20 | MSG020 | Validation | OTP missing | Verification code is required.
1750	T	row15	21 | MSG021 | Error | OTP invalid | Verification code is incorrect or expired.
1751	T	row16	22 | MSG022 | Success | Email verified | Email verified successfully.
1752	T	row17	23 | MSG023 | Information | Email already verified | This email address has already been verified.
1753	T	row18	24 | MSG024 | Error | Unauthorized request | You must sign in to perform this action.
1754	T	row19	25 | MSG025 | Error | Forbidden request | You do not have permission to perform this action.
1755	T	row20	26 | MSG026 | Error | Invalid user token | The user identifier in the access token is invalid.
1756	T	row21	27 | MSG027 | Success | Profile loaded | Profile loaded successfully.
1757	T	row22	28 | MSG028 | Success | Profile updated | Profile updated successfully.
1758	T	row23	29 | MSG029 | Error | User not found | User account was not found.
1759	T	row24	30 | MSG030 | Validation | Role missing | Role is required.
1760	T	row25	31 | MSG031 | Error | Role not found | The selected role does not exist.
1761	T	row26	32 | MSG032 | Success | User created | User account created successfully.
1762	T	row27	33 | MSG033 | Success | User updated | User account updated successfully.
1763	T	row28	34 | MSG034 | Warning | Admin self-deactivation | An administrator cannot deactivate their own account.
1764	T	row29	35 | MSG035 | Success | User state updated | User active state updated successfully.
1765	T	row30	36 | MSG036 | Validation | Reset password too short | The new password must contain at least 6 characters.
1766	T	row31	37 | MSG037 | Success | Password reset | User password reset successfully.
1767	T	row32	38 | MSG038 | Validation | Feedback area missing | Area is required.
1768	P		
1769	T	row1	# | Message code | Message Type | Context | Content
1770	T	row2	39 | MSG039 | Validation | Feedback title missing | Title is required.
1771	T	row3	40 | MSG040 | Validation | Feedback description missing | Description is required.
1772	T	row4	41 | MSG041 | Validation | Feedback location missing | Location is required.
1773	T	row5	42 | MSG042 | Error | Area unavailable | The selected area does not exist or is inactive.
1774	T	row6	43 | MSG043 | Error | Category unavailable | The selected category does not exist or is inactive.
1775	T	row7	44 | MSG044 | Validation | Location outside area | The selected location is outside the chosen operating area.
1776	T	row8	45 | MSG045 | Validation | Area boundary invalid | The operating-area boundary is invalid.
1777	T	row9	46 | MSG046 | Validation | Submission channel invalid | Submission channel must be Web or Messenger.
1778	T	row10	47 | MSG047 | Success | Feedback submitted | Feedback submitted successfully.
1779	T	row11	48 | MSG048 | Information | Feedback queued for AI | Feedback was saved and queued for AI review.
1780	T	row12	49 | MSG049 | Error | Feedback not found | Feedback was not found.
1781	T	row13	50 | MSG050 | Error | Feedback not owned | You can modify only feedback created by your account.
1782	T	row14	51 | MSG051 | Warning | Feedback editing unavailable | This feedback can no longer be edited in its current status.
1783	T	row15	52 | MSG052 | Success | Feedback updated | Feedback updated successfully.
1784	T	row16	53 | MSG053 | Warning | Feedback deletion unavailable | This feedback can no longer be deleted in its current status.
1785	T	row17	54 | MSG054 | Success | Feedback deleted | Feedback deleted successfully.
1786	T	row18	55 | MSG055 | Validation | Attachment list empty | Please select at least one file.
1787	T	row19	56 | MSG056 | Validation | Attachment file empty | Uploaded file cannot be empty.
1788	T	row20	57 | MSG057 | Error | Media upload failed | The media service did not return a valid file URL.
1789	T	row21	58 | MSG058 | Success | Feedback attachments uploaded | Feedback attachments uploaded successfully.
1790	T	row22	59 | MSG059 | Error | Attachment not found | Attachment was not found.
1791	T	row23	60 | MSG060 | Success | Attachment deleted | Attachment deleted successfully.
1792	T	row24	61 | MSG061 | Validation | Comment missing | Comment content is required.
1793	T	row25	62 | MSG062 | Success | Comment added | Comment added successfully.
1794	T	row26	63 | MSG063 | Information | Feedback already supported | You already support this feedback.
1795	T	row27	64 | MSG064 | Success | Feedback supported | Your support was recorded.
1796	T	row28	65 | MSG065 | Success | Feedback support removed | Your support was removed.
1797	T	row29	66 | MSG066 | Error | Public feedback unavailable | This feedback is not available on the public feed.
1798	T	row30	67 | MSG067 | Information | No related feedback | No related feedback was found.
1799	P		
1800	T	row1	# | Message code | Message Type | Context | Content
1801	T	row2	68 | MSG068 | Error | Resolution review owner mismatch | Only the feedback owner can review the resolution.
1802	T	row3	69 | MSG069 | Warning | Resolution review status invalid | Feedback must be Approved before it can be reviewed.
1803	T	row4	70 | MSG070 | Validation | Resolution rating invalid | Rating must be between 1 and 5.
1804	T	row5	71 | MSG071 | Success | Resolution reviewed | Thank you. Your resolution review was saved.
1805	T	row6	72 | MSG072 | Error | Ticket message access denied | You do not have permission to view messages for this ticket.
1806	T	row7	73 | MSG073 | Error | Ticket message send denied | You do not have permission to send messages for this ticket.
1807	T	row8	74 | MSG074 | Validation | Ticket message missing | Message is required.
1808	T	row9	75 | MSG075 | Validation | Ticket message too long | Message exceeds the maximum allowed length.
1809	T	row10	76 | MSG076 | Success | Ticket message sent | Message sent successfully.
1810	T	row11	77 | MSG077 | Error | Internal note denied | Only authorized internal roles can send internal notes.
1811	T	row12	78 | MSG078 | Error | System message denied | Only a manager or administrator can create a system message.
1812	T	row13	79 | MSG079 | Success | System message added | System message added successfully.
1813	T	row14	80 | MSG080 | Information | Notification list empty | You have no notifications.
1814	T	row15	81 | MSG081 | Error | Notification not found | Notification was not found.
1815	T	row16	82 | MSG082 | Success | Notification read | Notification marked as read.
1816	T	row17	83 | MSG083 | Success | All notifications read | All notifications were marked as read.
1817	T	row18	84 | MSG084 | Notification | Feedback status changed | Your feedback status has been updated to {status}.
1818	T	row19	85 | MSG085 | Notification | Resolution approved | The resolution for your feedback has been approved.
1819	T	row20	86 | MSG086 | Notification | Resolution needs rework | The submitted resolution requires additional work.
1820	T	row21	87 | MSG087 | Notification | Area alert received | A new alert is active for an area you follow.
1821	T	row22	88 | MSG088 | Error | Duplicate candidate not found | Duplicate candidate was not found.
1822	T	row23	89 | MSG089 | Warning | Duplicate candidate not pending | Only a Pending duplicate candidate can be reviewed.
1823	T	row24	90 | MSG090 | Validation | Duplicate self-link | A feedback item cannot be its own master ticket.
1824	T	row25	91 | MSG091 | Validation | Duplicate area mismatch | Master and duplicate feedback must belong to the same area.
1825	T	row26	92 | MSG092 | Validation | Duplicate master too new | The master feedback must have been created first.
1826	T	row27	93 | MSG093 | Validation | Duplicate master unavailable | The selected master feedback is no longer eligible.
1827	P		
1828	T	row1	# | Message code | Message Type | Context | Content
1829	T	row2	94 | MSG094 | Warning | Duplicate already linked | This feedback is already linked to another master ticket.
1830	T	row3	95 | MSG095 | Warning | Master has child feedback | A feedback item with child duplicates cannot become a duplicate.
1831	T	row4	96 | MSG096 | Warning | Duplicate already confirmed | This feedback already has a confirmed duplicate link.
1832	T	row5	97 | MSG097 | Success | Duplicate confirmed | Duplicate candidate confirmed successfully.
1833	T	row6	98 | MSG098 | Success | Duplicate rejected | Duplicate candidate rejected successfully.
1834	T	row7	99 | MSG099 | Warning | Duplicate decision required | Review the pending duplicate candidate before continuing the workflow.
1835	T	row8	100 | MSG100 | Error | AI review status invalid | Only Submitted feedback can be reviewed by AI.
1836	T	row9	101 | MSG101 | Error | AI category invalid | AI review did not return a valid category.
1837	T	row10	102 | MSG102 | Error | AI priority invalid | AI review did not return a valid priority.
1838	T	row11	103 | MSG103 | Success | AI review completed | AI review completed successfully.
1839	T	row12	104 | MSG104 | Error | AI response empty | AI returned an empty response.
1840	T	row13	105 | MSG105 | Error | AI feedback draft invalid | AI did not return a valid feedback draft.
1841	T	row14	106 | MSG106 | Validation | AI reflection missing | Reflection is required.
1842	T	row15	107 | MSG107 | Success | AI feedback draft created | Feedback draft created successfully.
1843	T	row16	108 | MSG108 | Validation | AI chat message missing | Message is required.
1844	T	row17	109 | MSG109 | Error | AI conversation not found | AI conversation was not found for this user.
1845	T	row18	110 | MSG110 | Success | AI message completed | AI response received successfully.
1846	T	row19	111 | MSG111 | Error | AI provider unavailable | The AI provider is unavailable. Please try again later.
1847	T	row20	112 | MSG112 | Error | AI provider timeout | The AI provider timed out. Please try again later.
1848	T	row21	113 | MSG113 | Error | Provider candidate unavailable | No active provider matches this feedback area and category.
1849	T	row22	114 | MSG114 | Warning | Feedback not verified | Feedback must be Verified before provider assignment.
1850	T	row23	115 | MSG115 | Error | Provider inactive | The selected provider does not exist or is inactive.
1851	T	row24	116 | MSG116 | Success | Provider assigned | Feedback assigned to the provider coordinator successfully.
1852	T	row25	117 | MSG117 | Error | Provider report not found | Provider report was not found.
1853	T	row26	118 | MSG118 | Validation | Provider report status invalid | Provider report status is invalid.
1854	T	row27	119 | MSG119 | Success | Provider report status updated | Provider report status updated successfully.
1855	T	row28	120 | MSG120 | Validation | Contact method missing | Contact method is required.
1856	T	row29	121 | MSG121 | Success | Provider contact saved | Provider contact log saved successfully.
1857	T	row30	122 | MSG122 | Information | No provider contact logs | No provider contact has been recorded.
1858	P		
1859	T	row1	# | Message code | Message Type | Context | Content
1860	T	row2	123 | MSG123 | Validation | Completion file missing | At least one completion document is required.
1861	T	row3	124 | MSG124 | Success | Completion documents uploaded | Completion documents uploaded successfully.
1862	T	row4	125 | MSG125 | Validation | Resolution title missing | Resolution title is required.
1863	T	row5	126 | MSG126 | Validation | Resolution message missing | Resolution message is required.
1864	T	row6	127 | MSG127 | Warning | Resolution submit state invalid | Feedback must be InProgress or NeedRework before resolution submission.
1865	T	row7	128 | MSG128 | Warning | Provider report not in progress | Provider report must be InProgress before resolution submission.
1866	T	row8	129 | MSG129 | Success | Resolution submitted | Resolution submitted successfully.
1867	T	row9	130 | MSG130 | Warning | Resolution approval state invalid | Feedback must be SubmittedForApproval before approval.
1868	T	row10	131 | MSG131 | Success | Resolution approved | Resolution approved successfully.
1869	T	row11	132 | MSG132 | Warning | Resolution rework state invalid | Feedback must be SubmittedForApproval before requiring rework.
1870	T	row12	133 | MSG133 | Success | Resolution marked for rework | Feedback marked as NeedRework.
1871	T	row13	134 | MSG134 | Success | Provider result notification sent | Provider result notification sent successfully.
1872	T	row14	135 | MSG135 | Error | SLA feedback ID invalid | Feedback ID is invalid.
1873	T	row15	136 | MSG136 | Error | SLA not found | No SLA was found for this feedback.
1874	T	row16	137 | MSG137 | Warning | SLA already exists | Feedback already has a current SLA.
1875	T	row17	138 | MSG138 | Warning | SLA feedback not verified | SLA can start only after feedback verification.
1876	T	row18	139 | MSG139 | Validation | SLA area missing | Feedback must have an area before SLA can start.
1877	T	row19	140 | MSG140 | Validation | SLA category missing | Feedback must have a category before SLA can start.
1878	T	row20	141 | MSG141 | Validation | SLA priority missing | Feedback must have a priority before SLA can start.
1879	T	row21	142 | MSG142 | Error | SLA policy unavailable | No active SLA policy matches this feedback.
1880	T	row22	143 | MSG143 | Success | SLA started | Incident SLA started successfully.
1881	T	row23	144 | MSG144 | Warning | SLA response duplicate | The first response has already been recorded.
1882	T	row24	145 | MSG145 | Warning | SLA response while paused | Resume the SLA before recording a response.
1883	T	row25	146 | MSG146 | Success | SLA response recorded | First response recorded successfully.
1884	T	row26	147 | MSG147 | Warning | SLA pause state invalid | Only a Running SLA can be paused.
1885	T	row27	148 | MSG148 | Validation | SLA pause reason missing | Pause reason is required.
1886	T	row28	149 | MSG149 | Validation | SLA pause reason invalid | Pause reason code is invalid.
1887	T	row29	150 | MSG150 | Warning | SLA already has open pause | This SLA already has an open pause period.
1888	T	row30	151 | MSG151 | Success | SLA paused | SLA paused successfully.
1889	T	row31	152 | MSG152 | Warning | SLA resume state invalid | Only a Paused SLA can be resumed.
1890	P		
1891	T	row1	# | Message code | Message Type | Context | Content
1892	T	row2	153 | MSG153 | Error | SLA open pause not found | No open pause history was found.
1893	T	row3	154 | MSG154 | Success | SLA resumed | SLA resumed successfully.
1894	T	row4	155 | MSG155 | Warning | SLA complete while paused | Resume the SLA before completing it.
1895	T	row5	156 | MSG156 | Warning | SLA already completed | This SLA has already been completed.
1896	T	row6	157 | MSG157 | Warning | SLA cancelled | This SLA was cancelled and cannot be completed.
1897	T	row7	158 | MSG158 | Success | SLA completed | SLA completed successfully.
1898	T	row8	159 | MSG159 | Warning | SLA recalculation unavailable | A completed or cancelled SLA cannot be recalculated.
1899	T	row9	160 | MSG160 | Success | SLA recalculated | SLA deadlines recalculated successfully.
1900	T	row10	161 | MSG161 | Warning | SLA cancellation unavailable | A completed SLA cannot be cancelled.
1901	T	row11	162 | MSG162 | Success | SLA cancelled | SLA cancelled successfully.
1902	T	row12	163 | MSG163 | Success | SLA violation checked | SLA warning and breach state checked successfully.
1903	T	row13	164 | MSG164 | Validation | SLA policy name missing | SLA policy name is required.
1904	T	row14	165 | MSG165 | Validation | SLA policy name too long | SLA policy name cannot exceed 200 characters.
1905	T	row15	166 | MSG166 | Validation | SLA priority invalid | Priority is required and must be valid.
1906	T	row16	167 | MSG167 | Validation | SLA response target invalid | Response target must be greater than 0 minutes.
1907	T	row17	168 | MSG168 | Validation | SLA resolution target invalid | Resolution target must be greater than 0 minutes.
1908	T	row18	169 | MSG169 | Validation | SLA target order invalid | Resolution target cannot be shorter than response target.
1909	T	row19	170 | MSG170 | Validation | SLA effective date invalid | Effective end time must be later than effective start time.
1910	T	row20	171 | MSG171 | Warning | SLA policy duplicate | An active policy already exists for the same scope.
1911	T	row21	172 | MSG172 | Success | SLA policy created | SLA policy created successfully.
1912	T	row22	173 | MSG173 | Success | SLA policy updated | SLA policy updated successfully.
1913	T	row23	174 | MSG174 | Success | SLA policy state updated | SLA policy active state updated successfully.
1914	T	row24	175 | MSG175 | Warning | SLA policy in use | An SLA policy applied to an incident cannot be deleted.
1915	T	row25	176 | MSG176 | Success | SLA policy deleted | SLA policy deleted successfully.
1916	T	row26	177 | MSG177 | Validation | Area alert title missing | Alert title is required.
1917	T	row27	178 | MSG178 | Validation | Area alert message missing | Alert message is required.
1918	T	row28	179 | MSG179 | Validation | Area alert severity missing | Alert severity is required.
1919	T	row29	180 | MSG180 | Validation | Area alert time invalid | Alert end time must be later than start time.
1920	T	row30	181 | MSG181 | Warning | Feedback urgency too low | Only High or Urgent feedback can create an area alert.
1921	P		
1922	T	row1	# | Message code | Message Type | Context | Content
1923	T	row2	182 | MSG182 | Success | Area alert created | Area alert created successfully.
1924	T	row3	183 | MSG183 | Information | Area already subscribed | You already follow this area.
1925	T	row4	184 | MSG184 | Success | Area subscribed | Area subscription created successfully.
1926	T	row5	185 | MSG185 | Error | Area subscription not found | Area subscription was not found.
1927	T	row6	186 | MSG186 | Success | Area unsubscribed | Area subscription removed successfully.
1928	T	row7	187 | MSG187 | Validation | Area name missing | Area name is required.
1929	T	row8	188 | MSG188 | Validation | Area type missing | Area type is required.
1930	T	row9	189 | MSG189 | Success | Area created | Operating area created successfully.
1931	T	row10	190 | MSG190 | Success | Area updated | Operating area updated successfully.
1932	T	row11	191 | MSG191 | Success | Area state updated | Operating-area active state updated successfully.
1933	T	row12	192 | MSG192 | Validation | Category name missing | Category name is required.
1934	T	row13	193 | MSG193 | Success | Category created | Service category created successfully.
1935	T	row14	194 | MSG194 | Success | Category updated | Service category updated successfully.
1936	T	row15	195 | MSG195 | Success | Category state updated | Service-category active state updated successfully.
1937	T	row16	196 | MSG196 | Validation | Provider name missing | Provider name is required.
1938	T	row17	197 | MSG197 | Validation | Coordinator name missing | Coordinator name is required.
1939	T	row18	198 | MSG198 | Validation | Provider phone missing | Phone number is required.
1940	T	row19	199 | MSG199 | Success | Service provider created | Service provider created successfully.
1941	T	row20	200 | MSG200 | Success | Service provider updated | Service provider updated successfully.
1942	T	row21	201 | MSG201 | Success | Service provider state updated | Service-provider active state updated successfully.
1943	T	row22	202 | MSG202 | Warning | Provider coverage duplicate | Coverage already exists for this provider, area and category.
1944	T	row23	203 | MSG203 | Success | Provider coverage created | Provider coverage created successfully.
1945	T	row24	204 | MSG204 | Success | Provider coverage updated | Provider coverage updated successfully.
1946	T	row25	205 | MSG205 | Validation | Contract code missing | Contract code is required.
1947	T	row26	206 | MSG206 | Validation | Contract name missing | Contract name is required.
1948	T	row27	207 | MSG207 | Validation | Contract start date missing | Contract start date is required.
1949	T	row28	208 | MSG208 | Validation | Contract date range invalid | Contract end date cannot be earlier than start date.
1950	T	row29	209 | MSG209 | Success | Provider contract created | Provider contract created successfully.
1951	T	row30	210 | MSG210 | Success | Provider contract updated | Provider contract updated successfully.
1952	T	row31	211 | MSG211 | Success | Contract attachments uploaded | Contract attachments uploaded successfully.
1953	T	row32	212 | MSG212 | Error | Staff assignment invalid | The selected user must be an active SYSTEMSTAFF account.
1954	T	row33	213 | MSG213 | Success | Staff-area assignment created | Staff-area assignment created successfully.
1955	T	row34	214 | MSG214 | Success | Staff-area assignment state updated | Staff-area assignment active state updated successfully.
1956	T	row35	215 | MSG215 | Error | Messenger signature invalid | Messenger webhook signature is invalid.
1957	T	row36	216 | MSG216 | Error | Messenger conversation not found | Messenger conversation was not found.
1958	T	row37	217 | MSG217 | Success | Messenger conversation reset | Messenger conversation reset successfully.
1959	T	row38	218 | MSG218 | Error | Messenger submission user invalid | Messenger submission user must be an active SERVICEUSER account.
1960	T	row39	219 | MSG219 | Information | Messenger feedback created | Your Messenger feedback was submitted successfully.
1961	T	row40	220 | MSG220 | Error | Email provider unavailable | Email could not be sent. Please try again later.
1962	T	row41	221 | MSG221 | Error | Cloudinary configuration missing | Media storage is not configured.
1963	T	row42	222 | MSG222 | Error | Integration configuration missing | A required integration setting is missing.
1964	T	row43	223 | MSG223 | Success | Dashboard loaded | Dashboard data loaded successfully.
1965	T	row44	224 | MSG224 | Information | No dashboard data | No data is available for the selected period.
1966	P	Heading3	5.4 Other Requirements
1967	P		OR-01: The project team will insert final screen images into every marked Screen layout placeholder.
1968	P		OR-02: Screen images must show the implemented role state and must not expose test secrets or personal data.
1969	P		OR-03: Deployment configuration must supply PostgreSQL, JWT, Cloudinary, Brevo, AI and Messenger settings required by enabled features.
1970	P		OR-04: Webhook endpoints require externally reachable HTTPS URLs in deployed environments.
1971	P		OR-05: Background workers and SLA monitoring settings must be configured per environment and observed through logs/health data.
1972	P		OR-06: Database migrations must be reviewed and applied through the approved deployment process.
1973	P		OR-07: Client applications must map backend role/status constants to readable labels without changing contract values.
1974	P		OR-08: Manual acceptance testing shall cover each actor group and the normal/error flows referenced in the message catalog.
1975	P		 
1976	P	Heading1	IV. Software Design Document
1977	P	Heading2	1. System Design
1978	P	Heading3	1.1 System Architecture
1979	P		
1980	T	row1	No | Name | Description
1981	T	row2	1 | Browser | A browser is an application program that provides a way to look at and interact with all the information on the World Wide Web. This includes Web pages, videos and images.
1982	T	row3	2 | Mobile | A mobile application allows users to access and interact with the system through mobile devices. It displays data, receives user input, and sends requests to the front-end or back-end services through the internet.
1983	T	row4	3 | Front-end | The component displays data and receives user interaction. It is responsible for sending a request to the back-end to get the data and display it in the browser.
1984	T	row5	4 | Back-end | The component receives the request from the web application. It handles business logic, database queries, and external systems. Then return data as a response to the web.
1985	T	row6	5 | Database | The component stores the data of the system.
1986	T	row7	6 | Cloud storage & messaging | Cloud storage is an online data storage service, allowing users to store and access information from anywhere via the internet. Instead of storing data on personal devices, users can store files, images and other data on remotely managed servers. Cloud storage offers high flexibility, easy and secure scalability, with automatic backups and data security through strong measures such as encryption. This helps optimize data management and reduce the risk of information loss due to device damage or loss.
1987	P		 
1988	P	Heading3	1.2 Package Diagram
1989	P	Heading4	1.2.1 Backend Package Diagram 
1990	P		
1991	P	Heading4	1.2.2 Web Application Package Diagram
1992	P		
1993	P		 
1994	P		
1995	P		
1996	P		Package Descriptions
1997	T	row1	No | Package | Description
1998	T	row2	01 | Root App | The main entry point of the application. It initializes the application structure, manages global routing, and connects the main pages and feature modules.
1999	T	row3	02 | Template (HTML, CSS) | Defines the visual structure and styling of a component. It handles the layout and UI presentation that the user interacts with directly
2000	T	row4	03 | Root Views / Pages | Contains the main pages at the application level, such as Home Page, Login Page, Dashboard Page, or Layout Page.
2001	T	row5	04 | Root Components | Contains shared UI components used across the application, such as Header, Sidebar, Footer, Button, Modal, and Navigation Bar.
2002	T	row6	05 | Root Routing | Defines the main routes of the application and decides which page or feature module should be displayed based on the UR.
2003	T	row7	06 | Feature Modules | Represents separated functional modules of the system. Each module focuses on a specific feature, such as Authentication, Report and Incident Management, Incident Operations, or Admin Management.
2004	T	row8	07 | Presentation Layer | The layer responsible for displaying the user interface inside each feature module. It contains pages and components related to that feature.
2005	T	row9	08 | Feature Views / Pages | Contains the pages of a specific feature module. For example, Incident List Page, Incident Detail Page, Create Feedback Page, or Incident Operations Page.
2006	T	row10	09 | Feature Components | Contains reusable UI components within a specific feature module, such as Feedback Card, Feedback Form, Status Badge, or Incident Form.
2007	T	row11	10 | Logic Layer | Handles front-end logic such as state management, access control, reusable logic, and interaction between the UI and API layer. .
2008	T	row12	11 | Guards | Checks whether a user is allowed to access a specific page or route. For example, it can prevent unauthenticated users from accessing the dashboard.
2009	T	row13	12 | Contexts | Manages shared state across components. For example, AuthContext can store logged-in user information and authentication status.
2010	T	row14	13 | Hooks | Contains reusable front-end logic. For example, custom hooks such as useAuth, useFeedbacks, or useCreateFeedback can be used to handle data, loading, and error states.
2011	T	row15	14 | Data Access Layer | Responsible for communicating with the back-end API. It separates API calling logic from the UI and business logic of the front-end.
2012	T	row16	15 | API Services | Contains functions used to call back-end endpoints. For example, login(), getFeedbacks(), createFeedback(), or updateIncidentStatus().
2013	T	row17	16 | Shared API | Contains common API configurations, such as base URL, Axios instance, request interceptors, response interceptors, and token handling.
2014	T	row18	17 | Shared Types | Defines common data types or interfaces used across the front-end application, such as User, Feedback, Service, Incident, or ApiResponse.
2015	P		
2016	P	Heading2	2. Database Design
2017	P		
2018	P	NormalWeb	
2019	P		
2020	P		Table Descriptions
2021	P		
2022	T	row1	No | Table | Description
2023	T	row2	01 | Role | RoleId - int, RoleName - string, Description - string?
2024	T	row3	02 | User | UserId - Guid, RoleId - int, FullName - string, Email - string, PasswordHash - string, PhoneNumber - string?, Address - string?, AvatarUrl - string?, IsActive - bool, IsVerified - bool, RefreshToken - string?, IsRefreshTokenRevoked - bool, CreatedAt - DateTime, UpdatedAt - DateTime?
2025	T	row4	03 | OperatingArea | AreaId - int, AreaName - string, AreaType - string, WardCode - string?, DistrictName - string?, ProvinceName - string?, CenterLatitude - decimal?, CenterLongitude - decimal?, BoundaryGeoJson - string?, IsActive - bool, StartedAt - DateTime?, EndedAt - DateTime?, CreatedAt - DateTime, UpdatedAt - DateTime?
2026	T	row5	04 | UserAreaSubscripti on | SubscriptionId - int, UserId - Guid, AreaId - int, IsPrimaryArea - bool, ReceiveAlerts - bool, CreatedAt - DateTime
2027	T	row6	05 | StaffAreaAssignme nt | StaffAreaAssignmentId - int, UserId - Guid, AreaId - int, CategoryId - int?, AssignedByUserId - Guid?, IsPrimary - bool, StartDate - DateTime?, EndDate - DateTime?, IsActive - bool, CreatedAt - DateTime
2028	T	row7	06 | UrbanServiceCateg ory | CategoryId - int, CategoryName - string, Description - string?, IsActive - bool, CreatedAt - DateTime
2029	T	row8	07 | ServiceProviderCoo rdinator | CoordinatorId - int, ProviderName - string, CoordinatorName - string, PhoneNumber - string, Email - string?, Address - string?, Note - string?, IsActive - bool, CreatedAt - DateTime, UpdatedAt - DateTime?
2030	T	row9	08 | CoordinatorCovera ge | CoverageId - int, CoordinatorId - int, AreaId - int, CategoryId - int, IsPrimary - bool, PriorityOrder - int, IsActive - bool, CreatedAt - DateTime
2031	T	row10	09 | ProviderContract | ContractId - int, CoordinatorId - int, AreaId - int?, CategoryId - int?, ContractCode - string, ContractName - string, Description - string?, StartDate - DateTime, EndDate - DateTime?, Status - string, CreatedByUserId - Guid, CreatedAt - DateTime, UpdatedAt - DateTime?
2032	T	row11	10 | ProviderContractAt tachment | ContractAttachmentId - int, ContractId - int, FileUrl - string, FileType - string?, Description - string?, UploadedByUserId - Guid, UploadedAt - DateTime
2033	T	row12	11 | Feedback | FeedbackId - Guid, UserId - Guid, AreaId - int, CategoryId - int?, Title - string, Description - string, LocationText - string, Latitude - decimal?, Longitude - decimal?, LocationAccuracyMeters - int?, GeoSource - string?, SubmissionChannel - string, IsLocationVerified - bool, Priority - string?, Severity - string?, Status - string, DueDate - DateTime?, ApprovedByManagerId - Guid?, ApprovedAt - DateTime?, IsMasterTicket - bool, ParentTicketId - Guid?, CreatedAt - DateTime, UpdatedAt - DateTime?
2034	T	row13	12 | FeedbackAttachme nt | AttachmentId - int, FeedbackId - Guid, FileUrl - string, FileType - string?, UploadedAt - DateTime
2035	T	row14	13 | FeedbackComment | CommentId - int, FeedbackId - Guid, UserId - Guid, Content - string, CreatedAt - DateTime
2036	T	row15	14 | FeedbackSupport | SupportId - int, FeedbackId - Guid, UserId - Guid, CreatedAt - DateTime
2037	P		
2038	T	row1	No | Table | Description
2039	T	row2	15 | FeedbackProviderR eport | ProviderReportId - int, IncidentId - Guid, CoordinatorId - int, ReportedByUserId - Guid, ReportStatus - string, DueDate - DateTime?, ReportNote - string?, ReportedAt - DateTime, UpdatedAt - DateTime?
2040	T	row3	16 | ProviderContactLo g | ContactLogId - int, ProviderReportId - int, CoordinatorId - int, ContactedByUserId - Guid, ContactMethod - string, ContactResult - string?, ContactNote - string?, ContactedAt - DateTime
2041	T	row4	17 | CompletionDocum ent | CompletionDocumentId - int, ProviderReportId - int, IncidentId - Guid, CoordinatorId - int, UploadedByUserId - Guid, FileUrl - string, FileType - string?, Description - string?, ReceivedAt - DateTime
2042	T	row5	18 | FeedbackResolutio n | ResolutionId - int, IncidentId - Guid, ProviderReportId - int?, CreatedByStaffUserId - Guid, ResolutionSummary - string, ActionTaken - string, ResultNote - string?, ResolvedAt - DateTime, Status - string, ReviewReason - string?, ReviewedByManagerId - Guid?, ReviewedAt - DateTime?
2043	T	row6	19 | FeedbackStatusHis tory | HistoryId - int, FeedbackId - Guid, ChangedByUserId - Guid, OldStatus - string?, NewStatus - string, Note - string?, ChangedAt - DateTime
2044	T	row7	20 | FeedbackResolutio nReview | ReviewId - int, FeedbackId - Guid, UserId - Guid, Rating - int?, IsSatisfied - bool?, Comment - string, CreatedAt - DateTime
2045	T	row8	21 | AreaAlert | AlertId - int, AreaId - int, CreatedByUserId - Guid, CategoryId - int?, HotspotId - int?, Title - string, Message - string, AlertType - string, Severity - string, Latitude - decimal?, Longitude - decimal?, RadiusMeters - int?, Status - string, StartAt - DateTime, EndAt - DateTime?, CreatedAt - DateTime, UpdatedAt - DateTime?
2046	T	row9	22 | AreaHotspot | HotspotId - int, AreaId - int, CategoryId - int, CenterLatitude - decimal?, CenterLongitude - decimal?, RadiusMeters - int?, TimeWindowStart - DateTime, TimeWindowEnd - DateTime, FeedbackCount - int, MasterTicketCount - int, AveragePriorityScore - decimal?, RiskLevel - string, Status - string, DetectedBy - string, SourceQueryJson - string?, FirstDetectedAt - DateTime, LastCalculatedAt - DateTime, ResolvedAt - DateTime?
2047	T	row10	23 | Notification | NotificationId - int, UserId - Guid, AlertId - int?, IncidentId - Guid?, Title - string, Message - string, Type - string, IsRead - bool, TargetUrl - string?, TargetType - string?, TargetId - string?, CreatedAt - DateTime, UpdatedAt - DateTime?
2048	T	row11	24 | InteractionMessag e | InteractionMessageId - int, FeedbackId - Guid, UserId - Guid, SenderType - string, MessageText - string, IsInternal - bool, CreatedAt - DateTime
2049	T	row12	25 | MessageAttachme nt | MessageAttachmentId - int, InteractionMessageId - int, FileUrl - string, FileType - string?, UploadedAt - DateTime
2050	T	row13	26 | FeedbackDuplicate Candidate | DuplicateCandidateId - Guid, FeedbackId - Guid, PotentialParentFeedbackId - Guid, Status - string, ConfidenceScore - decimal?, Reason - string?, ReviewedByUserId - Guid?, CreatedAt - DateTime, ReviewedAt - DateTime?, UpdatedAt - DateTime?
2051	T	row14	27 | MessengerFeedbac kConversation | ConversationId - long, PageId - string, SenderPsid - string, State - string, Title - string?, Description - string?, LocationText - string?, AreaId - int?, FeedbackId - Guid?, LastMessageId - string?, CreatedAt - DateTime, UpdatedAt - DateTime
2052	P		
2053	T	row1	No | Table | Description
2054	T	row2	28 | MessengerFeedbac kSubmission | SubmissionId - long, ConversationId - long, FeedbackId - Guid, CreatedAt - DateTime
2055	T	row3	29 | ZaloFeedbackConv ersation | ConversationId - long, OaId - string, SenderUserId - string, State - string, Title - string?, Description - string?, LocationText - string?, Latitude - decimal?, Longitude - decimal?, AreaId - int?, FeedbackId - Guid?, LastMessageId - string?, CreatedAt - DateTime, UpdatedAt - DateTime
2056	T	row4	30 | ZaloFeedbackDraft Attachment | DraftAttachmentId - long, ConversationId - long, SourceUrl - string, FileType - string?, CreatedAt - DateTime
2057	T	row5	31 | ZaloFeedbackSubm ission | SubmissionId - long, ConversationId - long, FeedbackId - Guid, CreatedAt - DateTime
2058	T	row6	32 | ZaloWebhookEvent | WebhookEventId - long, EventKey - string, Payload - string, Status - string, AttemptCount - int, LastError - string?, ReceivedAt - DateTime, ProcessedAt - DateTime?
2059	T	row7	33 | ZaloOauthCredenti al | OaId - string, AccessTokenCiphertext - string, RefreshTokenCiphertext - string?, AccessTokenExpiresAt - DateTime, UpdatedAt - DateTime
2060	T	row8	34 | SlaPolicy | SlaPolicyId - int, PolicyName - string, AreaId - int?, CategoryId - int?, Priority - string, ResponseTimeMinutes - int, ResolutionTimeMinutes - int, EffectiveFrom - DateTime, EffectiveTo - DateTime?, IsActive - bool, CreatedByUserId - Guid, UpdatedByUserId - Guid?, CreatedAt - DateTime, UpdatedAt - DateTime?
2061	T	row9	35 | IncidentSla | IncidentSlaId - long, IncidentId - Guid, SlaPolicyId - int, AreaId - int, CategoryId - int, Priority - string, StartedAt - DateTime, ResponseDueAt - DateTime, ResolutionDueAt - DateTime, RespondedAt - DateTime?, ResolvedAt - DateTime?, TotalPausedMinutes - int, Status - string, ResponseStatus - string, ResolutionStatus - string, IsResponseBreached - bool, IsResolutionBreached - bool, IsCurrent - bool, StartedByUserId - Guid, CompletedByUserId - Guid?, CreatedAt - DateTime, UpdatedAt - DateTime?
2062	T	row10	36 | SlaEvent | SlaEventId - long, IncidentSlaId - long, EventType - string, OldStatus - string?, NewStatus - string?, Note - string?, TriggeredByUserId - Guid?, TriggerSource - string, CreatedAt - DateTime
2063	T	row11	37 | SlaPauseHistory | SlaPauseHistoryId - long, IncidentSlaId - long, ReasonCode - string, ReasonNote - string?, PausedAt - DateTime, ResumedAt - DateTime?, PausedMinutes - int?, PausedByUserId - Guid, ResumedByUserId - Guid?, CreatedAt - DateTime, UpdatedAt - DateTime?
2064	T	row12	38 | AnalysisResult | AnalysisResultId - int, FeedbackId - Guid, ModelName - string?, DetectedCategoryId - int?, DetectedAreaId - int?, Sentiment - string?, UrgencyLevel - string?, SeverityLevel - string?, Summary - string?, Keywords - string?, ConfidenceScore - decimal?, RawResponse - string?, CreatedAt - DateTime
2065	T	row13	39 | AiConversation | AiConversationId - int, UserId - Guid, FeedbackId - Guid?, Title - string?, StartedAt - DateTime, EndedAt - DateTime?, Status - string
2066	T	row14	40 | AiMessage | AiMessageId - int, AiConversationId - int, SenderType - string, MessageText - string, CreatedAt - DateTime
2067	T	row15	41 | AiKnowledgeSourc e | KnowledgeSourceId - int, CategoryId - int?, AreaId - int?, Title - string, SourceType - string, Content - string?, FileUrl - string?, IsActive - bool, CreatedAt - DateTime, UpdatedAt - DateTime?
2068	T	row16	42 | AuditLog | AuditLogId - int, UserId - Guid?, Action - string, EntityName - string, EntityId - string?, OldValue - string?, NewValue - string?, IpAddress - string?, UserAgent - string?, CreatedAt - DateTime
2069	T	row17	43 | ManagerAreaAssig nment | ManagerAreaAssignmentId - int, ManagerUserId - Guid, AreaId - int, CreatedByUserId - Guid, UpdatedByUserId - Guid?, IsActive - bool, CreatedAt - DateTime, UpdatedAt - DateTime?
2070	T	row18	44 | Incident | IncidentId - Guid, AreaId - int, CategoryId - int?, Title - string, Description - string?, LocationText - string, Latitude - decimal?, Longitude - decimal?, Priority - string?, Severity - string, Status - string, DueDate - DateTime?, AssignedAt - DateTime?, ProcessingStartedAt - DateTime?, ResolvedAt - DateTime?, ClosedAt - DateTime?, MergedIntoIncidentId - Guid?, AssignedStaffUserId - Guid?, CreatedAt - DateTime, UpdatedAt - DateTime?
2071	T	row19	45 | IncidentReportLink | IncidentReportLinkId - Guid, IncidentId - Guid, FeedbackId - Guid, LinkStatus - string, LinkMethod - string, LinkRole - string, ConfidenceScore - decimal?, Reason - string?, LinkedByUserId - Guid?, LinkedAt - DateTime, UnlinkedByUserId - Guid?, UnlinkedAt - DateTime?, UpdatedAt - DateTime?
2072	T	row20	46 | IncidentEvent | IncidentEventId - long, IncidentId - Guid, FeedbackId - Guid?, EventType - string, ActorUserId - Guid?, PayloadJson - string?, CreatedAt - DateTime
2073	T	row21	47 | IncidentSubscriptio n | IncidentSubscriptionId - Guid, IncidentId - Guid, UserId - Guid, SourceType - string, SourceFeedbackId - Guid?, IsActive - bool, CreatedAt - DateTime, UpdatedAt - DateTime?
2074	T	row22	48 | IncidentComment | IncidentCommentId - Guid, IncidentId - Guid, UserId - Guid, Content - string, SourceFeedbackCommentId - int?, SourceFeedbackId - Guid?, CreatedAt - DateTime
2075	T	row23	49 | IncidentSupport | IncidentSupportId - Guid, IncidentId - Guid, UserId - Guid, CreatedAt - DateTime
2076	T	row24	50 | MessengerFeedbac kDraftAttachment | DraftAttachmentId - long, ConversationId - long, SourceUrl - string, FileType - string?, SourceMessageId - string, SourceOrdinal - int, CreatedAt - DateTime
2077	P		
2078	P		
2079	P	Heading2	3. Detailed Design
2080	P	Heading3	3.1 Class diagram
2081	P	Heading5	3.1.1 Class Diagram
2082	P		ROLE
2083	T	row1	Property Name | Data Type | Access Modifier | Description
2084	T	row2	RoleId | int | Private | Unique identifier of the Role record.
2085	T	row3	RoleName | string | Private | Role Name value of the Role record.
2086	T	row4	Description | string? | Private | Detailed description of the record.
2087	P		USER
2088	T	row1	Property Name | Data Type | Access Modifier | Description
2089	T	row2	UserId | Guid | Private | Unique identifier of the User record.
2090	T	row3	RoleId | int | Private | Identifier of the related record referenced by RoleId.
2091	T	row4	FullName | string | Private | Full Name value of the User record.
2092	T	row5	Email | string | Private | Email value of the User record.
2093	T	row6	PasswordHash | string | Private | Password Hash value of the User record.
2094	T	row7	PhoneNumber | string? | Private | Phone Number value of the User record.
2095	T	row8	Address | string? | Private | Address value of the User record.
2096	T	row9	AvatarUrl | string? | Private | Avatar Url value of the User record.
2097	T	row10	IsActive | bool | Private | Indicates whether the record is active.
2098	T	row11	IsVerified | bool | Private | Is Verified value of the User record.
2099	T	row12	RefreshToken | string? | Private | Refresh Token value of the User record.
2100	T	row13	IsRefreshTokenRevoked | bool | Private | Is Refresh Token Revoked value of the User record.
2101	T	row14	CreatedAt | DateTime | Private | UTC date and time when the record was created.
2102	T	row15	UpdatedAt | DateTime? | Private | UTC date and time when the record was last updated.
2103	P		OPERATINGAREA
2104	T	row1	Property Name | Data Type | Access Modifier | Description
2105	T	row2	AreaId | int | Private | Unique identifier of the OperatingArea record.
2106	T	row3	AreaName | string | Private | Area Name value of the OperatingArea record.
2107	T	row4	AreaType | string | Private | Area Type value of the OperatingArea record.
2108	T	row5	WardCode | string? | Private | Ward Code value of the OperatingArea record.
2109	T	row6	DistrictName | string? | Private | District Name value of the OperatingArea record.
2110	T	row7	ProvinceName | string? | Private | Province Name value of the OperatingArea record.
2111	T	row8	CenterLatitude | decimal? | Private | Center Latitude value of the OperatingArea record.
2112	T	row9	CenterLongitude | decimal? | Private | Center Longitude value of the OperatingArea record.
2113	T	row10	BoundaryGeoJson | string? | Private | Boundary Geo Json value of the OperatingArea record.
2114	T	row11	IsActive | bool | Private | Indicates whether the record is active.
2115	T	row12	StartedAt | DateTime? | Private | Started At value of the OperatingArea record.
2116	T	row13	EndedAt | DateTime? | Private | Ended At value of the OperatingArea record.
2117	T	row14	CreatedAt | DateTime | Private | UTC date and time when the record was created.
2118	T	row15	UpdatedAt | DateTime? | Private | UTC date and time when the record was last updated.
2119	P		USERAREASUBSCRIPTION
2120	T	row1	Property Name | Data Type | Access Modifier | Description
2121	T	row2	SubscriptionId | int | Private | Unique identifier of the UserAreaSubscription record.
2122	T	row3	UserId | Guid | Private | Identifier of the related record referenced by UserId.
2123	T	row4	AreaId | int | Private | Identifier of the related record referenced by AreaId.
2124	T	row5	IsPrimaryArea | bool | Private | Is Primary Area value of the UserAreaSubscription record.
2125	T	row6	ReceiveAlerts | bool | Private | Receive Alerts value of the UserAreaSubscription record.
2126	T	row7	CreatedAt | DateTime | Private | UTC date and time when the record was created.
2127	P		STAFFAREAASSIGNMENT
2128	T	row1	Property Name | Data Type | Access Modifier | Description
2129	T	row2	StaffAreaAssignmentId | int | Private | Unique identifier of the StaffAreaAssignment record.
2130	T	row3	UserId | Guid | Private | Identifier of the related record referenced by UserId.
2131	T	row4	AreaId | int | Private | Identifier of the related record referenced by AreaId.
2132	T	row5	CategoryId | int? | Private | Identifier of the related record referenced by CategoryId.
2133	T	row6	AssignedByUserId | Guid? | Private | Identifier of the related record referenced by AssignedByUserId.
2134	T	row7	IsPrimary | bool | Private | Is Primary value of the StaffAreaAssignment record.
2135	T	row8	StartDate | DateTime? | Private | Start Date value of the StaffAreaAssignment record.
2136	T	row9	EndDate | DateTime? | Private | End Date value of the StaffAreaAssignment record.
2137	T	row10	IsActive | bool | Private | Indicates whether the record is active.
2138	T	row11	CreatedAt | DateTime | Private | UTC date and time when the record was created.
2139	P		URBANSERVICECATEGORY
2140	T	row1	Property Name | Data Type | Access Modifier | Description
2141	T	row2	CategoryId | int | Private | Unique identifier of the UrbanServiceCategory record.
2142	T	row3	CategoryName | string | Private | Category Name value of the UrbanServiceCategory record.
2143	T	row4	Description | string? | Private | Detailed description of the record.
2144	T	row5	IsActive | bool | Private | Indicates whether the record is active.
2145	T	row6	CreatedAt | DateTime | Private | UTC date and time when the record was created.
2146	P		SERVICEPROVIDERCOORDINATOR
2147	T	row1	Property Name | Data Type | Access Modifier | Description
2148	T	row2	CoordinatorId | int | Private | Unique identifier of the ServiceProviderCoordinato r record.
2149	T	row3	ProviderName | string | Private | Provider Name value of the
2150	T	row4	 |  |  | ServiceProviderCoordinato r record.
2151	T	row5	CoordinatorName | string | Private | Coordinator Name value of the ServiceProviderCoordinato r record.
2152	T	row6	PhoneNumber | string | Private | Phone Number value of the ServiceProviderCoordinato r record.
2153	T	row7	Email | string? | Private | Email value of the ServiceProviderCoordinato r record.
2154	T	row8	Address | string? | Private | Address value of the ServiceProviderCoordinato r record.
2155	T	row9	Note | string? | Private | Note value of the ServiceProviderCoordinato r record.
2156	T	row10	IsActive | bool | Private | Indicates whether the record is active.
2157	T	row11	CreatedAt | DateTime | Private | UTC date and time when the record was created.
2158	T	row12	UpdatedAt | DateTime? | Private | UTC date and time when the record was last updated.
2159	P		COORDINATORCOVERAGE
2160	T	row1	Property Name | Data Type | Access Modifier | Description
2161	T	row2	CoverageId | int | Private | Unique identifier of the CoordinatorCoverage record.
2162	T	row3	CoordinatorId | int | Private | Identifier of the related record referenced by CoordinatorId.
2163	T	row4	AreaId | int | Private | Identifier of the related record referenced by AreaId.
2164	T	row5	CategoryId | int | Private | Identifier of the related record referenced by CategoryId.
2165	T	row6	IsPrimary | bool | Private | Is Primary value of the CoordinatorCoverage record.
2166	T	row7	PriorityOrder | int | Private | Priority Order value of the CoordinatorCoverage record.
2167	T	row8	IsActive | bool | Private | Indicates whether the record is active.
2168	T	row9	CreatedAt | DateTime | Private | UTC date and time when the record was created.
2169	P		PROVIDERCONTRACT
2170	T	row1	Property Name | Data Type | Access Modifier | Description
2171	T	row2	ContractId | int | Private | Unique identifier of the ProviderContract record.
2172	T	row3	CoordinatorId | int | Private | Identifier of the related record referenced by CoordinatorId.
2173	T	row4	AreaId | int? | Private | Identifier of the related record referenced by AreaId.
2174	T	row5	CategoryId | int? | Private | Identifier of the related record referenced by CategoryId.
2175	T	row6	ContractCode | string | Private | Contract Code value of the ProviderContract record.
2176	T	row7	ContractName | string | Private | Contract Name value of the ProviderContract record.
2177	T	row8	Description | string? | Private | Detailed description of the record.
2178	T	row9	StartDate | DateTime | Private | Start Date value of the ProviderContract record.
2179	T	row10	EndDate | DateTime? | Private | End Date value of the ProviderContract record.
2180	T	row11	Status | string | Private | Current processing status.
2181	T	row12	CreatedByUserId | Guid | Private | Identifier of the related record referenced by CreatedByUserId.
2182	T	row13	CreatedAt | DateTime | Private | UTC date and time when the record was created.
2183	T	row14	UpdatedAt | DateTime? | Private | UTC date and time when the record was last updated.
2184	P		PROVIDERCONTRACTATTACHMENT
2185	T	row1	Property Name | Data Type | Access Modifier | Description
2186	T	row2	ContractAttachmentId | int | Private | Unique identifier of the ProviderContractAttachm ent record.
2187	T	row3	ContractId | int | Private | Identifier of the related record referenced by ContractId.
2188	T	row4	FileUrl | string | Private | URL of the stored file.
2189	T	row5	FileType | string? | Private | Media or file classification.
2190	T	row6	Description | string? | Private | Detailed description of the record.
2191	T	row7	UploadedByUserId | Guid | Private | Identifier of the related record referenced by UploadedByUserId.
2192	T	row8	UploadedAt | DateTime | Private | Uploaded At value of the ProviderContractAttachm ent record.
2193	P		FEEDBACK
2194	T	row1	Property Name | Data Type | Access Modifier | Description
2195	T	row2	FeedbackId | Guid | Private | Unique identifier of the Feedback record.
2196	T	row3	UserId | Guid | Private | Identifier of the related record referenced by UserId.
2197	T	row4	AreaId | int | Private | Identifier of the related record referenced by AreaId.
2198	T	row5	CategoryId | int? | Private | Identifier of the related record referenced by CategoryId.
2199	T	row6	Title | string | Private | Short title displayed for the record.
2200	T	row7	Description | string | Private | Detailed description of the record.
2201	T	row8	LocationText | string | Private | Location Text value of the Feedback record.
2202	T	row9	Latitude | decimal? | Private | Latitude of the represented location.
2203	T	row10	Longitude | decimal? | Private | Longitude of the represented location.
2204	T	row11	LocationAccuracyMeters | int? | Private | Location Accuracy Meters value of the Feedback record.
2205	T	row12	GeoSource | string? | Private | Geo Source value of the Feedback record.
2206	T	row13	SubmissionChannel | string | Private | Submission Channel value of the Feedback record.
2207	T	row14	IsLocationVerified | bool | Private | Is Location Verified value of the Feedback record.
2208	T	row15	Priority | string? | Private | Operational priority value.
2209	T	row16	Severity | string? | Private | Operational severity value.
2210	T	row17	Status | string | Private | Current processing status.
2211	T	row18	DueDate | DateTime? | Private | Due Date value of the Feedback record.
2212	T	row19	ApprovedByManagerId | Guid? | Private | Identifier of the related record referenced by ApprovedByManagerId.
2213	T	row20	ApprovedAt | DateTime? | Private | Approved At value of the Feedback record.
2214	T	row21	IsMasterTicket | bool | Private | Is Master Ticket value of the Feedback record.
2215	T	row22	ParentTicketId | Guid? | Private | Identifier of the related record referenced by ParentTicketId.
2216	T	row23	CreatedAt | DateTime | Private | UTC date and time when the record was created.
2217	T	row24	UpdatedAt | DateTime? | Private | UTC date and time when the record was last updated.
2218	P		FEEDBACKATTACHMENT
2219	T	row1	Property Name | Data Type | Access Modifier | Description
2220	T	row2	AttachmentId | int | Private | Unique identifier of the FeedbackAttachment record.
2221	T	row3	FeedbackId | Guid | Private | Identifier of the related record referenced by FeedbackId.
2222	T	row4	FileUrl | string | Private | URL of the stored file.
2223	T	row5	FileType | string? | Private | Media or file classification.
2224	T	row6	UploadedAt | DateTime | Private | Uploaded At value of the FeedbackAttachment record.
2225	P		FEEDBACKCOMMENT
2226	T	row1	Property Name | Data Type | Access Modifier | Description
2227	T	row2	CommentId | int | Private | Unique identifier of the FeedbackComment record.
2228	T	row3	FeedbackId | Guid | Private | Identifier of the related record referenced by FeedbackId.
2229	T	row4	UserId | Guid | Private | Identifier of the related record referenced by UserId.
2230	T	row5	Content | string | Private | Text content of the record.
2231	T	row6	CreatedAt | DateTime | Private | UTC date and time when the record was created.
2232	P		FEEDBACKSUPPORT
2233	T	row1	Property Name | Data Type | Access Modifier | Description
2234	T	row2	SupportId | int | Private | Unique identifier of the FeedbackSupport record.
2235	T	row3	FeedbackId | Guid | Private | Identifier of the related record referenced by FeedbackId.
2236	T	row4	UserId | Guid | Private | Identifier of the related record referenced by UserId.
2237	T	row5	CreatedAt | DateTime | Private | UTC date and time when the record was created.
2238	P		FEEDBACKPROVIDERREPORT
2239	T	row1	Property Name | Data Type | Access Modifier | Description
2240	T	row2	ProviderReportId | int | Private | Unique identifier of the FeedbackProviderReport record.
2241	T	row3	IncidentId | Guid | Private | Identifier of the related record referenced by IncidentId.
2242	T	row4	CoordinatorId | int | Private | Identifier of the related record referenced by CoordinatorId.
2243	T	row5	ReportedByUserId | Guid | Private | Identifier of the related record referenced by ReportedByUserId.
2244	T	row6	ReportStatus | string | Private | Report Status value of the FeedbackProviderReport record.
2245	T	row7	DueDate | DateTime? | Private | Due Date value of the FeedbackProviderReport record.
2246	T	row8	ReportNote | string? | Private | Report Note value of the FeedbackProviderReport record.
2247	T	row9	ReportedAt | DateTime | Private | Reported At value of the FeedbackProviderReport record.
2248	T	row10	UpdatedAt | DateTime? | Private | UTC date and time when the record was last updated.
2249	P		PROVIDERCONTACTLOG
2250	T	row1	Property Name | Data Type | Access Modifier | Description
2251	T	row2	ContactLogId | int | Private | Unique identifier of the ProviderContactLog record.
2252	T	row3	ProviderReportId | int | Private | Identifier of the related record referenced by ProviderReportId.
2253	T	row4	CoordinatorId | int | Private | Identifier of the related record referenced by CoordinatorId.
2254	T	row5	ContactedByUserId | Guid | Private | Identifier of the related record referenced by ContactedByUserId.
2255	T	row6	ContactMethod | string | Private | Contact Method value of the ProviderContactLog record.
2256	T	row7	ContactResult | string? | Private | Contact Result value of the ProviderContactLog record.
2257	T	row8	ContactNote | string? | Private | Contact Note value of the ProviderContactLog record.
2258	T	row9	ContactedAt | DateTime | Private | Contacted At value of the ProviderContactLog record.
2259	P		COMPLETIONDOCUMENT
2260	T	row1	Property Name | Data Type | Access Modifier | Description
2261	T	row2	CompletionDocumentId | int | Private | Unique identifier of the CompletionDocument record.
2262	T	row3	ProviderReportId | int | Private | Identifier of the related record referenced by ProviderReportId.
2263	T	row4	IncidentId | Guid | Private | Identifier of the related record referenced by IncidentId.
2264	T	row5	CoordinatorId | int | Private | Identifier of the related record referenced by CoordinatorId.
2265	T	row6	UploadedByUserId | Guid | Private | Identifier of the related record referenced by UploadedByUserId.
2266	T	row7	FileUrl | string | Private | URL of the stored file.
2267	T	row8	FileType | string? | Private | Media or file classification.
2268	T	row9	Description | string? | Private | Detailed description of the record.
2269	T	row10	ReceivedAt | DateTime | Private | Received At value of the CompletionDocument record.
2270	P		FEEDBACKRESOLUTION
2271	T	row1	Property Name | Data Type | Access Modifier | Description
2272	T	row2	ResolutionId | int | Private | Unique identifier of the FeedbackResolution record.
2273	T	row3	IncidentId | Guid | Private | Identifier of the related record referenced by IncidentId.
2274	T	row4	ProviderReportId | int? | Private | Identifier of the related record referenced by ProviderReportId.
2275	T	row5	CreatedByStaffUserId | Guid | Private | Identifier of the related record referenced by CreatedByStaffUserId.
2276	T	row6	ResolutionSummary | string | Private | Resolution Summary value of the FeedbackResolution record.
2277	T	row7	ActionTaken | string | Private | Action Taken value of the FeedbackResolution record.
2278	T	row8	ResultNote | string? | Private | Result Note value of the FeedbackResolution record.
2279	T	row9	ResolvedAt | DateTime | Private | Resolved At value of the FeedbackResolution record.
2280	T	row10	Status | string | Private | Current processing status.
2281	T	row11	ReviewReason | string? | Private | Review Reason value of the FeedbackResolution record.
2282	T	row12	ReviewedByManagerId | Guid? | Private | Identifier of the related record referenced by ReviewedByManagerId.
2283	T	row13	ReviewedAt | DateTime? | Private | Reviewed At value of the FeedbackResolution record.
2284	P		FEEDBACKSTATUSHISTORY
2285	T	row1	Property Name | Data Type | Access Modifier | Description
2286	T	row2	HistoryId | int | Private | Unique identifier of the FeedbackStatusHistory record.
2287	T	row3	FeedbackId | Guid | Private | Identifier of the related record referenced by FeedbackId.
2288	T	row4	ChangedByUserId | Guid | Private | Identifier of the related record referenced by ChangedByUserId.
2289	T	row5	OldStatus | string? | Private | Old Status value of the FeedbackStatusHistory record.
2290	T	row6	NewStatus | string | Private | New Status value of the FeedbackStatusHistory record.
2291	T	row7	Note | string? | Private | Note value of the FeedbackStatusHistory record.
2292	T	row8	ChangedAt | DateTime | Private | Changed At value of the FeedbackStatusHistory record.
2293	P		FEEDBACKRESOLUTIONREVIEW
2294	T	row1	Property Name | Data Type | Access Modifier | Description
2295	T	row2	ReviewId | int | Private | Unique identifier of the FeedbackResolutionRevie w record.
2296	T	row3	FeedbackId | Guid | Private | Identifier of the related record referenced by FeedbackId.
2297	T	row4	UserId | Guid | Private | Identifier of the related record referenced by UserId.
2298	T	row5	Rating | int? | Private | Rating value of the FeedbackResolutionRevie w record.
2299	T	row6	IsSatisfied | bool? | Private | Is Satisfied value of the FeedbackResolutionRevie w record.
2300	T	row7	Comment | string | Private | Comment value of the FeedbackResolutionRevie w record.
2301	T	row8	CreatedAt | DateTime | Private | UTC date and time when the record was created.
2302	P		AREAALERT
2303	T	row1	Property Name | Data Type | Access Modifier | Description
2304	T	row2	AlertId | int | Private | Unique identifier of the AreaAlert record.
2305	T	row3	AreaId | int | Private | Identifier of the related record referenced by AreaId.
2306	T	row4	CreatedByUserId | Guid | Private | Identifier of the related record referenced by CreatedByUserId.
2307	T	row5	CategoryId | int? | Private | Identifier of the related record referenced by CategoryId.
2308	T	row6	HotspotId | int? | Private | Identifier of the related record referenced by HotspotId.
2309	T	row7	Title | string | Private | Short title displayed for the record.
2310	T	row8	Message | string | Private | Message value of the AreaAlert record.
2311	T	row9	AlertType | string | Private | Alert Type value of the AreaAlert record.
2312	T	row10	Severity | string | Private | Operational severity value.
2313	T	row11	Latitude | decimal? | Private | Latitude of the represented location.
2314	T	row12	Longitude | decimal? | Private | Longitude of the represented location.
2315	T	row13	RadiusMeters | int? | Private | Radius Meters value of the AreaAlert record.
2316	T	row14	Status | string | Private | Current processing status.
2317	T	row15	StartAt | DateTime | Private | Start At value of the AreaAlert record.
2318	T	row16	EndAt | DateTime? | Private | End At value of the AreaAlert record.
2319	T	row17	CreatedAt | DateTime | Private | UTC date and time when the record was created.
2320	T	row18	UpdatedAt | DateTime? | Private | UTC date and time when the record was last updated.
2321	P		AREAHOTSPOT
2322	T	row1	Property Name | Data Type | Access Modifier | Description
2323	T	row2	HotspotId | int | Private | Unique identifier of the AreaHotspot record.
2324	T	row3	AreaId | int | Private | Identifier of the related record referenced by AreaId.
2325	T	row4	CategoryId | int | Private | Identifier of the related record referenced by CategoryId.
2326	T	row5	CenterLatitude | decimal? | Private | Center Latitude value of the AreaHotspot record.
2327	T	row6	CenterLongitude | decimal? | Private | Center Longitude value of the AreaHotspot record.
2328	T	row7	RadiusMeters | int? | Private | Radius Meters value of the AreaHotspot record.
2329	T	row8	TimeWindowStart | DateTime | Private | Time Window Start value of the AreaHotspot record.
2330	T	row9	TimeWindowEnd | DateTime | Private | Time Window End value of the AreaHotspot record.
2331	T	row10	FeedbackCount | int | Private | Feedback Count value of the AreaHotspot record.
2332	T	row11	MasterTicketCount | int | Private | Master Ticket Count value of the AreaHotspot record.
2333	T	row12	AveragePriorityScore | decimal? | Private | Average Priority Score value of the AreaHotspot record.
2334	T	row13	RiskLevel | string | Private | Risk Level value of the AreaHotspot record.
2335	T	row14	Status | string | Private | Current processing status.
2336	T	row15	DetectedBy | string | Private | Detected By value of the AreaHotspot record.
2337	T	row16	SourceQueryJson | string? | Private | Source Query Json value of the AreaHotspot record.
2338	T	row17	FirstDetectedAt | DateTime | Private | First Detected At value of the AreaHotspot record.
2339	T	row18	LastCalculatedAt | DateTime | Private | Last Calculated At value of the AreaHotspot record.
2340	T	row19	ResolvedAt | DateTime? | Private | Resolved At value of the AreaHotspot record.
2341	P		NOTIFICATION
2342	T	row1	Property Name | Data Type | Access Modifier | Description
2343	T	row2	NotificationId | int | Private | Unique identifier of the Notification record.
2344	T	row3	UserId | Guid | Private | Identifier of the related record referenced by UserId.
2345	T	row4	AlertId | int? | Private | Identifier of the related record referenced by AlertId.
2346	T	row5	IncidentId | Guid? | Private | Identifier of the related record referenced by IncidentId.
2347	T	row6	Title | string | Private | Short title displayed for the record.
2348	T	row7	Message | string | Private | Message value of the Notification record.
2349	T	row8	Type | string | Private | Type value of the Notification record.
2350	T	row9	IsRead | bool | Private | Is Read value of the Notification record.
2351	T	row10	TargetUrl | string? | Private | Target Url value of the Notification record.
2352	T	row11	TargetType | string? | Private | Target Type value of the Notification record.
2353	T	row12	TargetId | string? | Private | Target Id value of the Notification record.
2354	T	row13	CreatedAt | DateTime | Private | UTC date and time when the record was created.
2355	T	row14	UpdatedAt | DateTime? | Private | UTC date and time when the record was last updated.
2356	P		INTERACTIONMESSAGE
2357	T	row1	Property Name | Data Type | Access Modifier | Description
2358	T	row2	InteractionMessageId | int | Private | Unique identifier of the InteractionMessage record.
2359	T	row3	FeedbackId | Guid | Private | Identifier of the related record referenced by FeedbackId.
2360	T	row4	UserId | Guid | Private | Identifier of the related record referenced by UserId.
2361	T	row5	SenderType | string | Private | Sender Type value of the InteractionMessage record.
2362	T	row6	MessageText | string | Private | Message Text value of the InteractionMessage record.
2363	T	row7	IsInternal | bool | Private | Is Internal value of the InteractionMessage record.
2364	T	row8	CreatedAt | DateTime | Private | UTC date and time when the record was created.
2365	P		MESSAGEATTACHMENT
2366	T	row1	Property Name | Data Type | Access Modifier | Description
2367	T	row2	MessageAttachmentId | int | Private | Unique identifier of the MessageAttachment record.
2368	T	row3	InteractionMessageId | int | Private | Identifier of the related record referenced by InteractionMessageId.
2369	T	row4	FileUrl | string | Private | URL of the stored file.
2370	T	row5	FileType | string? | Private | Media or file classification.
2371	T	row6	UploadedAt | DateTime | Private | Uploaded At value of the MessageAttachment record.
2372	P		FEEDBACKDUPLICATECANDIDATE
2373	T	row1	Property Name | Data Type | Access Modifier | Description
2374	T	row2	DuplicateCandidateId | Guid | Private | Unique identifier of the FeedbackDuplicateCandid ate record.
2375	T	row3	FeedbackId | Guid | Private | Identifier of the related record referenced by FeedbackId.
2376	T	row4	PotentialParentFeedbackId | Guid | Private | Identifier of the related record referenced by PotentialParentFeedbackI d.
2377	T	row5	Status | string | Private | Current processing status.
2378	T	row6	ConfidenceScore | decimal? | Private | Confidence Score value of the FeedbackDuplicateCandid ate record.
2379	T	row7	Reason | string? | Private | Reason value of the FeedbackDuplicateCandid ate record.
2380	T	row8	ReviewedByUserId | Guid? | Private | Identifier of the related record referenced by ReviewedByUserId.
2381	T	row9	CreatedAt | DateTime | Private | UTC date and time when the record was created.
2382	T	row10	ReviewedAt | DateTime? | Private | Reviewed At value of the FeedbackDuplicateCandid ate record.
2383	T	row11	UpdatedAt | DateTime? | Private | UTC date and time when the record was last updated.
2384	P		MESSENGERFEEDBACKCONVERSATION
2385	T	row1	Property Name | Data Type | Access Modifier | Description
2386	T	row2	ConversationId | long | Private | Unique identifier of the MessengerFeedbackConve rsation record.
2387	T	row3	PageId | string | Private | Page Id value of the MessengerFeedbackConve rsation record.
2388	T	row4	SenderPsid | string | Private | Sender Psid value of the MessengerFeedbackConve rsation record.
2389	T	row5	State | string | Private | State value of the MessengerFeedbackConve rsation record.
2390	T	row6	Title | string? | Private | Short title displayed for the record.
2391	T	row7	Description | string? | Private | Detailed description of the record.
2392	T	row8	LocationText | string? | Private | Location Text value of the MessengerFeedbackConve rsation record.
2393	T	row9	AreaId | int? | Private | Identifier of the related record referenced by AreaId.
2394	T	row10	FeedbackId | Guid? | Private | Identifier of the related record referenced by FeedbackId.
2395	T	row11	LastMessageId | string? | Private | Last Message Id value of the MessengerFeedbackConve rsation record.
2396	T	row12	CreatedAt | DateTime | Private | UTC date and time when the record was created.
2397	T	row13	UpdatedAt | DateTime | Private | UTC date and time when the record was last updated.
2398	P		MESSENGERFEEDBACKSUBMISSION
2399	T	row1	Property Name | Data Type | Access Modifier | Description
2400	T	row2	SubmissionId | long | Private | Unique identifier of the MessengerFeedbackSubmi ssion record.
2401	T	row3	ConversationId | long | Private | Identifier of the related record referenced by ConversationId.
2402	T	row4	FeedbackId | Guid | Private | Identifier of the related record referenced by FeedbackId.
2403	T	row5	CreatedAt | DateTime | Private | UTC date and time when the record was created.
2404	P		ZALOFEEDBACKCONVERSATION
2405	T	row1	Property Name | Data Type | Access Modifier | Description
2406	T	row2	ConversationId | long | Private | Unique identifier of the ZaloFeedbackConversatio n record.
2407	T	row3	OaId | string | Private | Oa Id value of the ZaloFeedbackConversatio n record.
2408	T	row4	SenderUserId | string | Private | Sender User Id value of the ZaloFeedbackConversatio n record.
2409	T	row5	State | string | Private | State value of the ZaloFeedbackConversatio n record.
2410	T	row6	Title | string? | Private | Short title displayed for the record.
2411	T	row7	Description | string? | Private | Detailed description of the record.
2412	T	row8	LocationText | string? | Private | Location Text value of the ZaloFeedbackConversatio n record.
2413	T	row9	Latitude | decimal? | Private | Latitude of the represented location.
2414	T	row10	Longitude | decimal? | Private | Longitude of the represented location.
2415	T	row11	AreaId | int? | Private | Identifier of the related record referenced by AreaId.
2416	T	row12	FeedbackId | Guid? | Private | Identifier of the related record referenced by FeedbackId.
2417	T	row13	LastMessageId | string? | Private | Last Message Id value of the ZaloFeedbackConversatio n record.
2418	T	row14	CreatedAt | DateTime | Private | UTC date and time when the record was created.
2419	T	row15	UpdatedAt | DateTime | Private | UTC date and time when the record was last updated.
2420	P		ZALOFEEDBACKDRAFTATTACHMENT
2421	T	row1	Property Name | Data Type | Access Modifier | Description
2422	T	row2	DraftAttachmentId | long | Private | Unique identifier of the ZaloFeedbackDraftAttach ment record.
2423	T	row3	ConversationId | long | Private | Identifier of the related record referenced by ConversationId.
2424	T	row4	SourceUrl | string | Private | Source Url value of the ZaloFeedbackDraftAttach ment record.
2425	T	row5	FileType | string? | Private | Media or file classification.
2426	T	row6	CreatedAt | DateTime | Private | UTC date and time when the record was created.
2427	P		ZALOFEEDBACKSUBMISSION
2428	T	row1	Property Name | Data Type | Access Modifier | Description
2429	T	row2	SubmissionId | long | Private | Unique identifier of the ZaloFeedbackSubmission record.
2430	T	row3	ConversationId | long | Private | Identifier of the related record referenced by ConversationId.
2431	T	row4	FeedbackId | Guid | Private | Identifier of the related record referenced by FeedbackId.
2432	T	row5	CreatedAt | DateTime | Private | UTC date and time when the record was created.
2433	P		ZALOWEBHOOKEVENT
2434	T	row1	Property Name | Data Type | Access Modifier | Description
2435	T	row2	WebhookEventId | long | Private | Unique identifier of the ZaloWebhookEvent record.
2436	T	row3	EventKey | string | Private | Event Key value of the ZaloWebhookEvent record.
2437	T	row4	Payload | string | Private | Payload value of the ZaloWebhookEvent record.
2438	T	row5	Status | string | Private | Current processing status.
2439	T	row6	AttemptCount | int | Private | Attempt Count value of the ZaloWebhookEvent record.
2440	T	row7	LastError | string? | Private | Last Error value of the ZaloWebhookEvent record.
2441	T	row8	ReceivedAt | DateTime | Private | Received At value of the ZaloWebhookEvent record.
2442	T	row9	ProcessedAt | DateTime? | Private | Processed At value of the ZaloWebhookEvent record.
2443	P		ZALOOAUTHCREDENTIAL
2444	P		Note: the five ZALO* tables above are legacy schema kept for a Zalo Official Account intake channel. The channel is guarded by the Zalo:Enabled feature flag, which is false in every environment, so it is not part of the delivered scope of this release.
2445	T	row1	Property Name | Data Type | Access Modifier | Description
2446	T	row2	OaId | string | Private | Unique identifier of the ZaloOauthCredential record.
2447	T	row3	AccessTokenCiphertext | string | Private | Access Token Ciphertext value of the ZaloOauthCredential record.
2448	T	row4	RefreshTokenCiphertext | string? | Private | Refresh Token Ciphertext value of the ZaloOauthCredential record.
2449	T	row5	AccessTokenExpiresAt | DateTime | Private | Access Token Expires At value of the ZaloOauthCredential record.
2450	T	row6	UpdatedAt | DateTime | Private | UTC date and time when the record was last updated.
2451	P		SLAPOLICY
2452	T	row1	Property Name | Data Type | Access Modifier | Description
2453	T	row2	SlaPolicyId | int | Private | Unique identifier of the SlaPolicy record.
2454	T	row3	PolicyName | string | Private | Policy Name value of the SlaPolicy record.
2455	T	row4	AreaId | int? | Private | Identifier of the related record referenced by AreaId.
2456	T	row5	CategoryId | int? | Private | Identifier of the related record referenced by CategoryId.
2457	T	row6	Priority | string | Private | Operational priority value.
2458	T	row7	ResponseTimeMinutes | int | Private | Response Time Minutes value of the SlaPolicy record.
2459	T	row8	ResolutionTimeMinutes | int | Private | Resolution Time Minutes value of the SlaPolicy record.
2460	T	row9	EffectiveFrom | DateTime | Private | Effective From value of the SlaPolicy record.
2461	T	row10	EffectiveTo | DateTime? | Private | Effective To value of the SlaPolicy record.
2462	T	row11	IsActive | bool | Private | Indicates whether the record is active.
2463	T	row12	CreatedByUserId | Guid | Private | Identifier of the related record referenced by CreatedByUserId.
2464	T	row13	UpdatedByUserId | Guid? | Private | Identifier of the related record referenced by UpdatedByUserId.
2465	T	row14	CreatedAt | DateTime | Private | UTC date and time when the record was created.
2466	T	row15	UpdatedAt | DateTime? | Private | UTC date and time when the record was last updated.
2467	P		INCIDENTSLA
2468	T	row1	Property Name | Data Type | Access Modifier | Description
2469	T	row2	IncidentSlaId | long | Private | Unique identifier of the IncidentSla record.
2470	T	row3	IncidentId | Guid | Private | Identifier of the related record referenced by IncidentId.
2471	T	row4	SlaPolicyId | int | Private | Identifier of the related record referenced by SlaPolicyId.
2472	T	row5	AreaId | int | Private | Identifier of the related record referenced by AreaId.
2473	T	row6	CategoryId | int | Private | Identifier of the related record referenced by CategoryId.
2474	T	row7	Priority | string | Private | Operational priority value.
2475	T	row8	StartedAt | DateTime | Private | Started At value of the IncidentSla record.
2476	T	row9	ResponseDueAt | DateTime | Private | Response Due At value of the IncidentSla record.
2477	T	row10	ResolutionDueAt | DateTime | Private | Resolution Due At value of the IncidentSla record.
2478	T	row11	RespondedAt | DateTime? | Private | Responded At value of the IncidentSla record.
2479	T	row12	ResolvedAt | DateTime? | Private | Resolved At value of the IncidentSla record.
2480	T	row13	TotalPausedMinutes | int | Private | Total Paused Minutes value of the IncidentSla record.
2481	T	row14	Status | string | Private | Current processing status.
2482	T	row15	ResponseStatus | string | Private | Response Status value of the IncidentSla record.
2483	T	row16	ResolutionStatus | string | Private | Resolution Status value of the IncidentSla record.
2484	T	row17	IsResponseBreached | bool | Private | Is Response Breached value of the IncidentSla record.
2485	T	row18	IsResolutionBreached | bool | Private | Is Resolution Breached value of the IncidentSla record.
2486	T	row19	IsCurrent | bool | Private | Is Current value of the IncidentSla record.
2487	T	row20	StartedByUserId | Guid | Private | Identifier of the related record referenced by StartedByUserId.
2488	T	row21	CompletedByUserId | Guid? | Private | Identifier of the related record referenced by CompletedByUserId.
2489	T	row22	CreatedAt | DateTime | Private | UTC date and time when the record was created.
2490	T	row23	UpdatedAt | DateTime? | Private | UTC date and time when the record was last updated.
2491	P		SLAEVENT
2492	T	row1	Property Name | Data Type | Access Modifier | Description
2493	T	row2	SlaEventId | long | Private | Unique identifier of the SlaEvent record.
2494	T	row3	IncidentSlaId | long | Private | Identifier of the related record referenced by IncidentSlaId.
2495	T	row4	EventType | string | Private | Event Type value of the SlaEvent record.
2496	T	row5	OldStatus | string? | Private | Old Status value of the SlaEvent record.
2497	T	row6	NewStatus | string? | Private | New Status value of the SlaEvent record.
2498	T	row7	Note | string? | Private | Note value of the SlaEvent record.
2499	T	row8	TriggeredByUserId | Guid? | Private | Identifier of the related record referenced by TriggeredByUserId.
2500	T	row9	TriggerSource | string | Private | Trigger Source value of the SlaEvent record.
2501	T	row10	CreatedAt | DateTime | Private | UTC date and time when the record was created.
2502	P		SLAPAUSEHISTORY
2503	T	row1	Property Name | Data Type | Access Modifier | Description
2504	T	row2	SlaPauseHistoryId | long | Private | Unique identifier of the SlaPauseHistory record.
2505	T	row3	IncidentSlaId | long | Private | Identifier of the related record referenced by IncidentSlaId.
2506	T	row4	ReasonCode | string | Private | Reason Code value of the SlaPauseHistory record.
2507	T	row5	ReasonNote | string? | Private | Reason Note value of the SlaPauseHistory record.
2508	T	row6	PausedAt | DateTime | Private | Paused At value of the SlaPauseHistory record.
2509	T	row7	ResumedAt | DateTime? | Private | Resumed At value of the SlaPauseHistory record.
2510	T	row8	PausedMinutes | int? | Private | Paused Minutes value of the SlaPauseHistory record.
2511	T	row9	PausedByUserId | Guid | Private | Identifier of the related record referenced by PausedByUserId.
2512	T	row10	ResumedByUserId | Guid? | Private | Identifier of the related record referenced by ResumedByUserId.
2513	T	row11	CreatedAt | DateTime | Private | UTC date and time when the record was created.
2514	T	row12	UpdatedAt | DateTime? | Private | UTC date and time when the record was last updated.
2515	P		ANALYSISRESULT
2516	T	row1	Property Name | Data Type | Access Modifier | Description
2517	T	row2	AnalysisResultId | int | Private | Unique identifier of the AnalysisResult record.
2518	T	row3	FeedbackId | Guid | Private | Identifier of the related record referenced by FeedbackId.
2519	T	row4	ModelName | string? | Private | Model Name value of the AnalysisResult record.
2520	T	row5	DetectedCategoryId | int? | Private | Identifier of the related record referenced by DetectedCategoryId.
2521	T	row6	DetectedAreaId | int? | Private | Identifier of the related record referenced by DetectedAreaId.
2522	T	row7	Sentiment | string? | Private | Sentiment value of the AnalysisResult record.
2523	T	row8	UrgencyLevel | string? | Private | Urgency Level value of the AnalysisResult record.
2524	T	row9	SeverityLevel | string? | Private | Severity Level value of the AnalysisResult record.
2525	T	row10	Summary | string? | Private | Summary value of the AnalysisResult record.
2526	T	row11	Keywords | string? | Private | Keywords value of the AnalysisResult record.
2527	T	row12	ConfidenceScore | decimal? | Private | Confidence Score value of the AnalysisResult record.
2528	T	row13	RawResponse | string? | Private | Raw Response value of the AnalysisResult record.
2529	T	row14	CreatedAt | DateTime | Private | UTC date and time when the record was created.
2530	P		AICONVERSATION
2531	T	row1	Property Name | Data Type | Access Modifier | Description
2532	T	row2	AiConversationId | int | Private | Unique identifier of the AiConversation record.
2533	T	row3	UserId | Guid | Private | Identifier of the related record referenced by UserId.
2534	T	row4	FeedbackId | Guid? | Private | Identifier of the related record referenced by FeedbackId.
2535	T	row5	Title | string? | Private | Short title displayed for the record.
2536	T	row6	StartedAt | DateTime | Private | Started At value of the AiConversation record.
2537	T	row7	EndedAt | DateTime? | Private | Ended At value of the AiConversation record.
2538	T	row8	Status | string | Private | Current processing status.
2539	P		AIMESSAGE
2540	T	row1	Property Name | Data Type | Access Modifier | Description
2541	T	row2	AiMessageId | int | Private | Unique identifier of the AiMessage record.
2542	T	row3	AiConversationId | int | Private | Identifier of the related record referenced by AiConversationId.
2543	T	row4	SenderType | string | Private | Sender Type value of the AiMessage record.
2544	T	row5	MessageText | string | Private | Message Text value of the AiMessage record.
2545	T	row6	CreatedAt | DateTime | Private | UTC date and time when the record was created.
2546	P		AIKNOWLEDGESOURCE
2547	T	row1	Property Name | Data Type | Access Modifier | Description
2548	T	row2	KnowledgeSourceId | int | Private | Unique identifier of the AiKnowledgeSource record.
2549	T	row3	CategoryId | int? | Private | Identifier of the related record referenced by CategoryId.
2550	T	row4	AreaId | int? | Private | Identifier of the related record referenced by AreaId.
2551	T	row5	Title | string | Private | Short title displayed for the record.
2552	T	row6	SourceType | string | Private | Source Type value of the AiKnowledgeSource record.
2553	T	row7	Content | string? | Private | Text content of the record.
2554	T	row8	FileUrl | string? | Private | URL of the stored file.
2555	T	row9	IsActive | bool | Private | Indicates whether the record is active.
2556	T	row10	CreatedAt | DateTime | Private | UTC date and time when the record was created.
2557	T	row11	UpdatedAt | DateTime? | Private | UTC date and time when the record was last updated.
2558	P		AUDITLOG
2559	T	row1	Property Name | Data Type | Access Modifier | Description
2560	T	row2	AuditLogId | int | Private | Unique identifier of the AuditLog record.
2561	T	row3	UserId | Guid? | Private | Identifier of the related record referenced by UserId.
2562	T	row4	Action | string | Private | Action value of the AuditLog record.
2563	T	row5	EntityName | string | Private | Entity Name value of the AuditLog record.
2564	T	row6	EntityId | string? | Private | Entity Id value of the AuditLog record.
2565	T	row7	OldValue | string? | Private | Old Value value of the AuditLog record.
2566	T	row8	NewValue | string? | Private | New Value value of the AuditLog record.
2567	T	row9	IpAddress | string? | Private | Ip Address value of the AuditLog record.
2568	T	row10	UserAgent | string? | Private | User Agent value of the AuditLog record.
2569	T	row11	CreatedAt | DateTime | Private | UTC date and time when the record was created.
2570	P		MANAGERAREAASSIGNMENT
2571	T	row1	Property Name | Data Type | Access Modifier | Description
2572	T	row2	ManagerAreaAssignmentId | int | Private | Unique identifier of the ManagerAreaAssignment record.
2573	T	row3	ManagerUserId | Guid | Private | Identifier of the related record referenced by ManagerUserId.
2574	T	row4	AreaId | int | Private | Identifier of the related record referenced by AreaId.
2575	T	row5	CreatedByUserId | Guid | Private | Identifier of the related record referenced by CreatedByUserId.
2576	T	row6	UpdatedByUserId | Guid? | Private | Identifier of the related record referenced by UpdatedByUserId.
2577	T	row7	IsActive | bool | Private | Indicates whether the record is active.
2578	T	row8	CreatedAt | DateTime | Private | UTC date and time when the record was created.
2579	T	row9	UpdatedAt | DateTime? | Private | UTC date and time when the record was last updated.
2580	P		INCIDENT
2581	T	row1	Property Name | Data Type | Access Modifier | Description
2582	T	row2	IncidentId | Guid | Private | Unique identifier of the Incident record.
2583	T	row3	AreaId | int | Private | Identifier of the related record referenced by AreaId.
2584	T	row4	CategoryId | int? | Private | Identifier of the related record referenced by CategoryId.
2585	T	row5	Title | string | Private | Short title displayed for the record.
2586	T	row6	Description | string? | Private | Detailed description of the record.
2587	T	row7	LocationText | string | Private | Location Text value of the Incident record.
2588	T	row8	Latitude | decimal? | Private | Latitude of the represented location.
2589	T	row9	Longitude | decimal? | Private | Longitude of the represented location.
2590	T	row10	Priority | string? | Private | Operational priority value.
2591	T	row11	Severity | string | Private | Operational severity value.
2592	T	row12	Status | string | Private | Current processing status.
2593	T	row13	DueDate | DateTime? | Private | Due Date value of the Incident record.
2594	T	row14	AssignedAt | DateTime? | Private | Assigned At value of the Incident record.
2595	T	row15	ProcessingStartedAt | DateTime? | Private | Processing Started At value of the Incident record.
2596	T	row16	ResolvedAt | DateTime? | Private | Resolved At value of the Incident record.
2597	T	row17	ClosedAt | DateTime? | Private | Closed At value of the Incident record.
2598	T	row18	MergedIntoIncidentId | Guid? | Private | Identifier of the related record referenced by MergedIntoIncidentId.
2599	T	row19	AssignedStaffUserId | Guid? | Private | Identifier of the related record referenced by AssignedStaffUserId.
2600	T	row20	CreatedAt | DateTime | Private | UTC date and time when the record was created.
2601	T	row21	UpdatedAt | DateTime? | Private | UTC date and time when the record was last updated.
2602	P		INCIDENTREPORTLINK
2603	T	row1	Property Name | Data Type | Access Modifier | Description
2604	T	row2	IncidentReportLinkId | Guid | Private | Unique identifier of the IncidentReportLink record.
2605	T	row3	IncidentId | Guid | Private | Identifier of the related record referenced by IncidentId.
2606	T	row4	FeedbackId | Guid | Private | Identifier of the related record referenced by FeedbackId.
2607	T	row5	LinkStatus | string | Private | Link Status value of the IncidentReportLink record.
2608	T	row6	LinkMethod | string | Private | Link Method value of the IncidentReportLink record.
2609	T	row7	LinkRole | string | Private | Link Role value of the IncidentReportLink record.
2610	T	row8	ConfidenceScore | decimal? | Private | Confidence Score value of the IncidentReportLink record.
2611	T	row9	Reason | string? | Private | Reason value of the IncidentReportLink record.
2612	T	row10	LinkedByUserId | Guid? | Private | Identifier of the related record referenced by LinkedByUserId.
2613	T	row11	LinkedAt | DateTime | Private | Linked At value of the IncidentReportLink record.
2614	T	row12	UnlinkedByUserId | Guid? | Private | Identifier of the related record referenced by UnlinkedByUserId.
2615	T	row13	UnlinkedAt | DateTime? | Private | Unlinked At value of the IncidentReportLink record.
2616	T	row14	UpdatedAt | DateTime? | Private | UTC date and time when the record was last updated.
2617	P		INCIDENTEVENT
2618	T	row1	Property Name | Data Type | Access Modifier | Description
2619	T	row2	IncidentEventId | long | Private | Unique identifier of the IncidentEvent record.
2620	T	row3	IncidentId | Guid | Private | Identifier of the related record referenced by IncidentId.
2621	T	row4	FeedbackId | Guid? | Private | Identifier of the related record referenced by FeedbackId.
2622	T	row5	EventType | string | Private | Event Type value of the IncidentEvent record.
2623	T	row6	ActorUserId | Guid? | Private | Identifier of the related record referenced by ActorUserId.
2624	T	row7	PayloadJson | string? | Private | Payload Json value of the IncidentEvent record.
2625	T	row8	CreatedAt | DateTime | Private | UTC date and time when the record was created.
2626	P		INCIDENTSUBSCRIPTION
2627	T	row1	Property Name | Data Type | Access Modifier | Description
2628	T	row2	IncidentSubscriptionId | Guid | Private | Unique identifier of the IncidentSubscription record.
2629	T	row3	IncidentId | Guid | Private | Identifier of the related record referenced by IncidentId.
2630	T	row4	UserId | Guid | Private | Identifier of the related record referenced by UserId.
2631	T	row5	SourceType | string | Private | Source Type value of the IncidentSubscription record.
2632	T	row6	SourceFeedbackId | Guid? | Private | Identifier of the related record referenced by SourceFeedbackId.
2633	T	row7	IsActive | bool | Private | Indicates whether the record is active.
2634	T	row8	CreatedAt | DateTime | Private | UTC date and time when the record was created.
2635	T	row9	UpdatedAt | DateTime? | Private | UTC date and time when the record was last updated.
2636	P		INCIDENTCOMMENT
2637	T	row1	Property Name | Data Type | Access Modifier | Description
2638	T	row2	IncidentCommentId | Guid | Private | Unique identifier of the IncidentComment record.
2639	T	row3	IncidentId | Guid | Private | Identifier of the related record referenced by IncidentId.
2640	T	row4	UserId | Guid | Private | Identifier of the related record referenced by UserId.
2641	T	row5	Content | string | Private | Text content of the record.
2642	T	row6	SourceFeedbackCommentId | int? | Private | Identifier of the related record referenced by SourceFeedbackCommentI d.
2643	T	row7	SourceFeedbackId | Guid? | Private | Identifier of the related record referenced by SourceFeedbackId.
2644	T	row8	CreatedAt | DateTime | Private | UTC date and time when the record was created.
2645	P		INCIDENTSUPPORT
2646	T	row1	Property Name | Data Type | Access Modifier | Description
2647	T	row2	IncidentSupportId | Guid | Private | Unique identifier of the IncidentSupport record.
2648	T	row3	IncidentId | Guid | Private | Identifier of the related record referenced by IncidentId.
2649	T	row4	UserId | Guid | Private | Identifier of the related record referenced by UserId.
2650	T	row5	CreatedAt | DateTime | Private | UTC date and time when the record was created.
2651	P		MESSENGERFEEDBACKDRAFTATTACHMENT
2652	T	row1	Property Name | Data Type | Access Modifier | Description
2653	T	row2	DraftAttachmentId | long | Private | Unique identifier of the MessengerFeedbackDraft Attachment record.
2654	T	row3	ConversationId | long | Private | Identifier of the related record referenced by ConversationId.
2655	T	row4	SourceUrl | string | Private | Source Url value of the MessengerFeedbackDraft Attachment record.
2656	T	row5	FileType | string? | Private | Media or file classification.
2657	T	row6	SourceMessageId | string | Private | Source Message Id value of the MessengerFeedbackDraft Attachment record.
2658	T	row7	SourceOrdinal | int | Private | Source Ordinal value of the MessengerFeedbackDraft Attachment record.
2659	T	row8	CreatedAt | DateTime | Private | UTC date and time when the record was created.
2660	P	Heading5	3.1.1 Sequence Diagram Login Account
2661	P		
2662	P	Heading5	3.1.2 Sequence Diagram Create Report For Resident
2663	P		
2664	P		
2665	P		
2666	P		
2667	P		
2668	P		
2669	P		
2670	P		
2671	P		
2672	P		
2673	P		
2674	P		
2675	P		
2676	P		
2677	P		
2678	P		
2679	P	Heading5	3.1.3 Sequence Diagram AI Review and Incident Creation
2680	P		
2681	P		3.1.4 Sequence Diagram Staff Processes Incident and Contacts Provider
2682	P		
2683	P	Heading5	3.1.5 Sequence Diagram Staff Submits Incident Evidence and Resolution
2684	P		
2685	P		
2686	P	Heading5	3.1.6 Sequence Diagram Resident Reviews Approved Incident Resolution
2687	P		
2688	P		
2689	P	Heading4	3.2 API Alignment Notes
2690	P		The current API separates resident Feedback reports from operational Incidents. Report submission requires a verified email address and queues AI review. Interaction managers verify/match reports, create or link Incidents and assign area-responsible staff. SYSTEMSTAFF coordinates the Incident provider assignment, contact logs, completion documents and resolution submission. INTERACTIONMANAGER reviews outcomes and controls most Incident SLA transitions, while SYSTEMSTAFF records first response. Public/user/management incident routes, manager/staff area scopes and legacy report/duplicate aliases are retained as implemented.
2691	P		 
2692	P	Heading1	V. Software Testing Documentation
2693	P	Heading2	1. Scope of Testing
2694	P		The Urban Service Interaction and Feedback Ecosystem applies Agile testing throughout development. The scope covers implemented business functions across web, mobile, backend APIs, persistence, and supported external interaction channels. Test evidence is separated by test level so that unit, automated end-to-end, manual/system, and acceptance results are not combined into a single total.
2695	P	ListBullet	Resident: registration, login, OTP verification, profile management, feedback submission, evidence upload, feedback tracking, resolution review, community feed/map, and notifications.
2696	P	ListBullet	System Staff: assigned Incident dashboard/list, Incident detail workspace, feedbacks belonging to an Incident, resident conversation, internal notes, duplicate workflow, processing history, evidence, and resolution submission.
2697	P	ListBullet	Interaction Manager: approval inbox/detail, interaction monitoring, SLA analytics, sentiment analytics, heatmap, and rework/approval workflows.
2698	P	ListBullet	System Administrator: user management, category management, feedback administration, SLA configuration, staff-area assignment, integrations, audit log, and performance monitoring.
2699	P		Service Provider functionality exists in the current solution architecture, but it is not represented by a dedicated manual test-case group in the evidence supplied for this Report 5 revision. It is therefore not counted in the 33-case manual/system execution summary.
2700	P	Heading3	1.1 Testing Objectives
2701	P	ListBullet	Verify implemented functions against business requirements and workflow rules.
2702	P	ListBullet	Detect defects early and validate fixes through regression/retest activities.
2703	P	ListBullet	Validate frontend-backend-database and external-service integration behavior.
2704	P	ListBullet	Verify role-based authorization and access control.
2705	P	ListBullet	Validate the feedback/incident lifecycle from submission through processing and resolution review.
2706	P	ListBullet	Maintain traceability between documented test results and executable automated evidence.
2707	P	Heading3	1.2 Out of Scope
2708	P	ListBullet	Internal implementation of third-party platforms.
2709	P	ListBullet	Production infrastructure penetration testing.
2710	P	ListBullet	Full-scale load/stress testing unless separately documented.
2711	P	Heading2	2. Test Strategy
2712	P	Heading3	2.1 Testing Types
2713	P		Functional Testing: Validates behavior against requirements for authentication, feedback/incident workflows, conversations, notifications, duplicate handling, analytics, and administration.
2714	P		User Interface Testing: Checks layout consistency, responsive behavior, forms, validation messages, tables, dashboards, and conversation interfaces.
2715	P		Integration Testing: Validates communication among frontend, backend APIs, database, notification services, AI duplicate/classification logic, file storage, and Messenger integration.
2716	P		User Acceptance Testing (UAT): Validates representative real-world workflows for the principal user roles before final demonstration/deployment.
2717	P		Automated Testing: Uses backend xUnit tests for BLL business logic and Playwright for web end-to-end/regression scenarios.
2718	P	Heading3	2.2 Test Levels
2719	T	row1	Testing type | Unit | Integration | System | Acceptance
2720	T	row2	Functional Testing | X | X | X | X
2721	T	row3	UI Testing |  |  | X | X
2722	T	row4	Integration Testing |  | X | X | 
2723	T	row5	User Acceptance Testing |  |  |  | X
2724	P		
2725	P		Unit testing in this report refers specifically to automated backend BLL tests. System and acceptance figures are reported separately and are not added to the unit-test count.
2726	P	Heading3	2.3 Supporting Tools
2727	T	row1	Tool | Purpose
2728	T	row2	xUnit 2.9.3 | Backend BLL unit testing
2729	T	row3	NSubstitute 5.3.0 | Mocking and dependency isolation for backend unit tests
2730	T	row4	Playwright | Automated web end-to-end and regression testing
2731	T	row5	Swagger | API documentation and verification
2732	T	row6	Postman | API functional/integration testing
2733	T	row7	Google Chrome / Microsoft Edge | UI and cross-browser testing
2734	T	row8	Chrome DevTools / Browser Network Tools | Frontend debugging and API monitoring
2735	T	row9	PostgreSQL | Database verification
2736	T	row10	GitHub | Source control, code evidence, and issue/defect traceability
2737	T	row11	Visual Studio Code | Development and debugging
2738	P		
2739	P	Heading3	2.4 Automated Testing
2740	P		Two automated test layers are documented: (1) backend BLL unit tests using xUnit and NSubstitute; and (2) web end-to-end tests using Playwright. The backend repository contains an UrbanService.BLL.Tests project, including duplicate, feedback status, incident/workflow, authentication, and related service tests. The frontend repository contains Playwright smoke/destructive suites and stored test result folders.
2741	P	Heading2	3. Test Plan
2742	P	Heading3	3.1 Human Resources
2743	T	row1	Worker | Role | Specific Responsibility
2744	T	row2	Kiều Việt Anh | Leader | Test planning, review, defect verification, release coordination
2745	T	row3	Nguyễn Hữu Giàu | Member | Test-case design, UI testing, regression testing
2746	T	row4	Vũ Đức Mạnh | Member | API testing, integration testing
2747	T	row5	Văn Đình Quốc | Member | Functional testing, UAT support
2748	P		
2749	P	Heading3	3.2 Test Environment
2750	T	row1	Component | Technology / Configuration
2751	T	row2	Frontend | React + Vite
2752	T	row3	Backend | ASP.NET Core Web API / .NET 9 SDK
2753	T	row4	Database | PostgreSQL
2754	T	row5	Backend unit testing | xUnit 2.9.3 + NSubstitute 5.3.0
2755	T	row6	Web E2E testing | Playwright
2756	T	row7	API testing | Swagger + Postman
2757	T	row8	Browsers | Google Chrome, Microsoft Edge; Playwright project configuration may include additional engines
2758	T	row9	Source control | GitHub
2759	T	row10	Client hardware | Intel Core i5 or above, 8 GB RAM or above, SSD, stable Internet connection
2760	P		
2761	P	Heading3	3.3 Test Data
2762	P	ListBullet	Valid and invalid user accounts
2763	P	ListBullet	Feedback and duplicate-feedback records
2764	P	ListBullet	Incident and staff-assignment records
2765	P	ListBullet	Community posts and notifications
2766	P	ListBullet	SLA configuration data
2767	P	ListBullet	Messenger webhook and conversation fixtures
2768	P	ListBullet	Mocked backend dependencies for deterministic unit tests
2769	P	Heading3	3.4 Test Milestones
2770	T	row1	Milestone | Scope
2771	T	row2	1 - Authentication | Login, registration, OTP, session, authorization
2772	T	row3	2 - Feedback Lifecycle | Create feedback, evidence, detail, tracking, resolution review
2773	T	row4	3 - Staff Incident Workspace | Assigned incidents, incident detail, conversations, notes, duplicate review, processing and resolution
2774	T	row5	4 - Analytics & Management | Approval, SLA, heatmap, sentiment, notifications, administration
2775	T	row6	5 - Automated Regression | Backend BLL unit tests and Playwright web regression
2776	T	row7	6 - Final UAT | End-to-end business process and role-based acceptance
2777	P		
2778	P	Heading3	3.5 Entry and Exit Criteria
2779	P		Entry criteria: feature implementation completed, build succeeds, required APIs are available, environment and test data are prepared.
2780	P		Exit criteria: critical test cases completed, no unresolved critical-severity defect remains, major defects are fixed or formally accepted, regression evidence is available, and UAT completion is documented.
2781	P	Heading2	4. Manual / System Test Cases
2782	P		The following 33 manual/system test cases preserve the original Report 5 grouping while updating System Staff terminology to the current Incident-centric frontend architecture. Execution totals are reported in Section 5; this section defines the scenarios and expected results.
2783	P	Heading3	4.1 Authentication Module
2784	T	row1	ID | Test case | Preconditions | Steps | Expected result | Execution
2785	T	row2	AUTH-001 | User Login Successfully | Active user account exists | Open Login; enter valid email/password; submit | User is authenticated and redirected to the correct role landing page. | See Section 5
2786	T	row3	AUTH-002 | Login With Invalid Password | User account exists | Enter valid email and incorrect password; submit | Login is rejected and a clear error message is displayed. | See Section 5
2787	T	row4	AUTH-003 | OTP Verification Successfully | Registration flow generated a valid OTP | Enter valid OTP and verify | Account verification succeeds and the account becomes usable. | See Section 5
2788	P		
2789	P	Heading3	4.2 Resident Module
2790	T	row1	ID | Test case | Preconditions | Steps | Expected result | Execution
2791	T	row2	FB-001 | Create Feedback Successfully | Resident is logged in | Enter required feedback data and submit | Feedback is created and a confirmation/detail view is available. | See Section 5
2792	T	row3	FB-002 | Upload Evidence Successfully | Feedback form is open | Upload a supported image file | Evidence uploads successfully and is shown in the form/detail. | See Section 5
2793	T	row4	FB-003 | Submit Feedback Without Required Fields | Resident is logged in | Leave a required field empty and submit | Submission is blocked and field validation is displayed. | See Section 5
2794	T	row5	FB-004 | View Feedback Detail | Feedback exists and is accessible to the user | Open feedback detail | Feedback information, status and available evidence are displayed correctly. | See Section 5
2795	T	row6	FB-005 | Submit Resolution Review | Feedback/incident resolution is eligible for resident review | Rate the resolution; enter optional comment; submit | Review is stored successfully; the submitted review can be retrieved and duplicate submission is prevented. | See Section 5
2796	P		
2797	P	Heading3	4.3 System Staff - Incident Workspace
2798	T	row1	ID | Test case | Preconditions | Steps | Expected result | Execution
2799	T	row2	STAFF-001 | View Assigned Incident List | System Staff is logged in and has assigned incidents | Open My Incidents / assigned incident page | Only incidents in the staff member’s authorized assignment scope are displayed. | See Section 5
2800	T	row3	STAFF-002 | View Incident Detail Workspace | Assigned incident exists | Open an assigned incident | Incident summary, related feedbacks, timeline/processing information and resolution area are displayed. | See Section 5
2801	T	row4	STAFF-003 | Reply To Resident | Incident/feedback conversation exists | Send a public resident-facing message | Message is persisted and appears in the resident-visible conversation. | See Section 5
2802	T	row5	STAFF-004 | Create Internal Note | Assigned incident exists | Create an internal note | Internal note is persisted and remains restricted to authorized staff/management views. | See Section 5
2803	T	row6	STAFF-005 | Review Duplicate Candidate | A pending duplicate candidate exists | Open duplicate review; confirm or reject according to evidence | Duplicate relationship/status is updated consistently and conflicting workflow actions are prevented. | See Section 5
2804	P		
2805	P	Heading3	4.4 Interaction Manager Module
2806	T	row1	ID | Test case | Preconditions | Steps | Expected result | Execution
2807	T	row2	MANAGER-001 | Approve Feedback / Workflow Item Successfully | An item is awaiting manager approval | Open Approval Inbox; select item; approve | Workflow advances to the configured next state and the action is recorded. | See Section 5
2808	T	row3	MANAGER-002 | Reject Feedback / Workflow Item | An item is awaiting review | Reject with a reason | Item becomes rejected and the rejection reason is recorded. | See Section 5
2809	T	row4	MANAGER-003 | Request Rework | Item is eligible for rework | Select Request Rework and provide reason if required | Workflow changes to the rework state and the reason/action is recorded. | See Section 5
2810	T	row5	MANAGER-004 | View SLA Dashboard | Manager is logged in and SLA data exists | Open SLA Dashboard | SLA metrics render from available data without authorization or loading errors. | See Section 5
2811	T	row6	MANAGER-005 | View Sentiment Dashboard | Sentiment data exists | Open Sentiment Dashboard | Sentiment charts/statistics are displayed. | See Section 5
2812	T	row7	MANAGER-006 | View Heatmap Dashboard | Feedback/incident location data exists | Open Heatmap Dashboard | Geographic/heatmap analytics are displayed for accessible data. | See Section 5
2813	T	row8	MANAGER-007 | View Interaction History | Interaction history exists | Open interaction/history view | Timeline and interaction records are displayed in chronological context. | See Section 5
2814	T	row9	MANAGER-008 | View Detail From Approval Inbox | Approval item exists | Open Approval Inbox; select an item | The correct detail page/workspace is displayed. | See Section 5
2815	P		
2816	P	Heading3	4.5 System Administrator Module
2817	T	row1	ID | Test case | Preconditions | Steps | Expected result | Execution
2818	T	row2	ADMIN-001 | Create User | Administrator is logged in | Enter valid user information and create | User account is created with normalized valid data. | See Section 5
2819	T	row3	ADMIN-002 | Update User Information | Target user exists | Edit allowed user fields; save | Allowed information is updated and persisted. | See Section 5
2820	T	row4	ADMIN-003 | Disable User Account | Target user exists and action is authorized | Disable target account | Target account is inactive and can no longer authenticate. | See Section 5
2821	T	row5	ADMIN-004 | Activate User Account | Target account is disabled | Activate account | Account returns to active state and can authenticate subject to credentials. | See Section 5
2822	T	row6	ADMIN-005 | Reset User Password | Target user exists | Reset password | New password is securely stored and active refresh/session credentials are invalidated as designed. | See Section 5
2823	T	row7	ADMIN-006 | Create Category | Administrator is logged in | Create a category with valid data | Category is created and becomes available according to configuration. | See Section 5
2824	T	row8	ADMIN-007 | Update Category | Category exists | Edit category and save | Category changes are persisted. | See Section 5
2825	T	row9	ADMIN-008 | Configure SLA Policy | Administrator is logged in | Modify valid SLA values and save | New SLA configuration is persisted and available to workflow calculations. | See Section 5
2826	T	row10	ADMIN-009 | Assign Staff To Area | Staff account and area exist | Create staff-area assignment | Assignment is persisted and staff scope reflects the configured area. | See Section 5
2827	T	row11	ADMIN-010 | Deactivate Staff Area Assignment | Active assignment exists | Deactivate assignment | Assignment becomes inactive and is no longer used for active staff scope. | See Section 5
2828	T	row12	ADMIN-011 | View Audit Log | Audit records exist | Open Audit Log | Authorized audit records are displayed with relevant event metadata. | See Section 5
2829	T	row13	ADMIN-012 | View Performance Dashboard | Analytics data exists | Open Performance Dashboard | Performance metrics are displayed from available system data. | See Section 5
2830	P		
2831	P	Heading2	5. Test Reports
2832	P	Heading3	5.1 Evidence Sources and Result Separation
2833	P		This revision intentionally separates results by test level. Counts from backend unit tests, Playwright E2E tests, and manual/system tests represent different suites and must not be summed as if they were one homogeneous test set.
2834	T	row1	Evidence | Purpose | Status in this report
2835	T	row2	Report5_TestReport.xlsx / Report5_Unit-Test.xlsx | Backend BLL unit-test evidence | Confirmed: 31 cases, 31 passed, 0 failed
2836	T	row3	CapstoneProject_BE / UrbanService.BLL.Tests | Backend source-test traceability | Repository contains dedicated BLL test project and service/workflow test files
2837	T	row4	UrbanService-FE / apps/web/tests | Playwright web automation structure | Repository contains smoke/destructive suites and test result directories
2838	T	row5	Original Report5_TestDocumentation.docx | Manual/System, defects and UAT statements | Retained as documented project evidence; corrected for terminology/consistency where possible
2839	P		
2840	P	Heading3	5.2 Backend Unit Test Execution Summary
2841	T	row1	Module | Total | Passed | Failed | Result
2842	T	row2	Feedback Management | 22 | 22 | 0 | 100%
2843	T	row3	Feedback Submission (Messenger) | 4 | 4 | 0 | 100%
2844	T	row4	User Management | 5 | 5 | 0 | 100%
2845	T	row5	Total | 31 | 31 | 0 | 100%
2846	P		
2847	P		Execution environment documented in the supplied unit-test files: .NET 9 SDK, xUnit 2.9.3, NSubstitute 5.3.0, Windows 10/11. Execution date: 13-Aug-2026. Test classification summary: 18 Normal, 14 Abnormal, and 9 Boundary cases.
2848	P	Heading3	5.3 Backend Unit Test Case Matrix
2849	T	row1	ID | Module | Scenario | Expected result | Result
2850	T	row2	UT-001 | Feedback Management | Promote feedback when no nearby master exists | The feedback is promoted to a master feedback and remains available to the public workflow. | Passed
2851	T	row3	UT-002 | Feedback Management | Promote feedback when AI says it is not a duplicate | The feedback is promoted to a master instead of being linked as a duplicate. | Passed
2852	T	row4	UT-003 | Feedback Management | Exclude pending feedback from parent candidates | Pending feedback B is not supplied to AI as a possible parent of C. | Passed
2853	T	row5	UT-004 | Feedback Management | Prevent competing duplicate candidates | No competing candidate is created while the active candidate exists. | Passed
2854	T	row6	UT-005 | Feedback Management | Leave feedback retryable after AI failure | The feedback remains unresolved and can be retried; no partial classification is committed. | Passed
2855	T	row7	UT-006 | Feedback Management | Roll back when advisory lock acquisition fails | The transaction is rolled back and the feedback remains available for retry. | Passed
2856	T	row8	UT-007 | Feedback Management | Defer newer feedback until older feedback is classified | The newer item is deferred and no out-of-order duplicate decision is persisted. | Passed
2857	T	row9	UT-008 | Feedback Management | Confirm an eligible duplicate candidate | The child is linked directly to the master and the candidate becomes confirmed. | Passed
2858	T	row10	UT-009 | Feedback Management | Reject competing pending candidates after confirmation | The selected candidate is confirmed and all competing pending candidates are rejected. | Passed
2859	T	row11	UT-010 | Feedback Management | Allow a closed public master as duplicate parent | Confirmation succeeds because closed public masters remain eligible parents. | Passed
2860	T	row12	UT-011 | Feedback Management | Reject a parent that is not public | Confirmation is rejected and no child-to-master link is created. | Passed
2861	T	row13	UT-012 | Feedback Management | Reject pending feedback as a duplicate parent | Confirmation is rejected because B is not an eligible master. | Passed
2862	T	row14	UT-013 | Feedback Management | Reject a master from another area | Confirmation is rejected and stored relationships remain unchanged. | Passed
2863	T	row15	UT-014 | Feedback Management | Reject confirmation when a competitor is already confirmed | The second confirmation is rejected and the existing relationship is preserved. | Passed
2864	T	row16	UT-015 | Feedback Management | Promote child after rejecting its last active candidate | The candidate is rejected and the child is promoted to a master feedback. | Passed
2865	T	row17	UT-016 | Feedback Management | Keep child unresolved when another candidate is pending | The rejected candidate is updated while the child remains unresolved. | Passed
2866	T	row18	UT-017 | Feedback Management | Reject Submitted status for a master with duplicate children | The status transition is rejected and the master remains unchanged. | Passed
2867	T	row19	UT-018 | Feedback Management | Reject AiReviewed status for a master with duplicate children | The status transition is rejected and the master remains unchanged. | Passed
2868	T	row20	UT-019 | Feedback Management | Reject Rejected status for a master with duplicate children | The status transition is rejected and duplicate links remain intact. | Passed
2869	T	row21	UT-020 | Feedback Management | Reject Cancelled status for a master with duplicate children | The status transition is rejected and duplicate links remain intact. | Passed
2870	T	row22	UT-021 | Feedback Management | Block workflow updates while duplicate review is pending | The workflow update is blocked until duplicate review is resolved. | Passed
2871	T	row23	UT-022 | Feedback Management | Block confirmed duplicates from a separate workflow | The status update is blocked because the child must follow its master workflow. | Passed
2872	T	row24	UT-023 | Feedback Submission | Accept Messenger webhook verification token | The request is accepted and the challenge is returned. | Passed
2873	T	row25	UT-024 | Feedback Submission | Accept a valid Messenger HMAC signature | Signature validation succeeds for the unchanged request body. | Passed
2874	T	row26	UT-025 | Feedback Submission | Start Messenger draft from quick reply payload | Draft state advances and the expected draft controls are sent. | Passed
2875	T	row27	UT-026 | Feedback Submission | Scope Messenger feedback history to the current conversation | Only submissions belonging to the current conversation are returned. | Passed
2876	T	row28	UT-027 | User Management | Filter users by search, role, and status | The result contains only users matching all supplied filters. | Passed
2877	T	row29	UT-028 | User Management | Normalize user email and optional fields during creation | Normalized values are persisted and the created user is returned. | Passed
2878	T	row30	UT-029 | User Management | Reject duplicate email regardless of case | Creation is rejected and no duplicate user is persisted. | Passed
2879	T	row31	UT-030 | User Management | Block an administrator from deactivating the current account | The update is rejected and the administrator remains active. | Passed
2880	T	row32	UT-031 | User Management | Hash reset password and revoke refresh token | A password hash is stored and the active refresh token is revoked. | Passed
2881	P		
2882	P	Heading3	5.4 Manual / System Test Execution Summary
2883	P		The original Report 5 records 33 manual/system cases with an initial execution result of 31 Passed, 1 Failed, and 1 Blocked. It also states that the failed case was subsequently fixed. To avoid rewriting historical evidence as a new execution, the initial result is preserved below and the fix is tracked separately in the defect section.
2884	T	row1	Module | Total | Passed | Failed | Blocked
2885	T	row2	Authentication | 3 | 3 | 0 | 0
2886	T	row3	Resident | 5 | 4 | 0 | 1
2887	T	row4	System Staff | 5 | 4 | 1 | 0
2888	T	row5	Interaction Manager | 8 | 8 | 0 | 0
2889	T	row6	System Administrator | 12 | 12 | 0 | 0
2890	T	row7	Initial documented total | 33 | 31 | 1 | 1
2891	P		
2892	P		Initial documented pass rate: 31 / 33 = 93.94%. A fixed defect should be re-executed and the retest result recorded before replacing this historical execution matrix with a final 0-failed matrix.
2893	P	Heading3	5.5 Automated Web E2E Testing (Playwright)
2894	P		The original Report 5 documents 32 Playwright automated cases with 32 Passed and 0 Failed. The frontend repository confirms a Playwright test structure under apps/web/tests, including smoke, destructive, fixtures, page objects/utilities, and results. The 32-case figure below is therefore retained as the documented execution result from the source report; for final submission, the generated Playwright HTML report should be archived with the same execution run.
2895	T	row1	Suite / Area | Documented cases | Passed | Failed
2896	T	row2	Root smoke tests | 5 | 5 | 0
2897	T	row3	Resident | 5 | 5 | 0
2898	T	row4	System Staff | 6 | 6 | 0
2899	T	row5	Interaction Manager | 6 | 6 | 0
2900	T	row6	System Admin | 7 | 7 | 0
2901	T	row7	Access Control | 3 | 3 | 0
2902	T	row8	Total | 32 | 32 | 0
2903	P		
2904	P	ListBullet	Framework: Playwright
2905	P	ListBullet	Documented browser/execution: Chromium smoke suite
2906	P	ListBullet	Documented HTML report location: apps/web/tests/results/html
2907	P	ListBullet	Backend mode in original report: real APIs (no mocking)
2908	P	Heading3	5.6 Defect Report
2909	T	row1	Defect ID | Description | Severity | Status
2910	T	row2	BUG-001 | Staff conversation was not refreshed after sending a message | High | Fixed; regression/retest evidence should be linked
2911	T	row3	BUG-002 | Internal notes were visible in public conversation | Medium | Fixed
2912	T	row4	BUG-003 | Duplicate detection badge used inconsistent color mapping | Medium | Fixed
2913	T	row5	BUG-004 | Dashboard status cards used inconsistent status colors | Low | Fixed
2914	T	row6	BUG-005 | Notification counter was not updated immediately | Low | Fixed
2915	T	row7	BUG-006 | Community feed image rendering issue | Low | Fixed
2916	P		
2917	P		Defect summary: Critical 0, High 1, Medium 2, Low 3, Total 6. Because the supplied spreadsheets are unit-test execution evidence rather than a defect log, commit/issue links should be attached when available to strengthen traceability.
2918	P	Heading3	5.7 User Acceptance Testing (UAT)
2919	T	row1	Function Group | Documented Result
2920	T	row2	Authentication | Accepted
2921	T	row3	Feedback Lifecycle | Accepted
2922	T	row4	Community Module | Accepted
2923	T	row5	Staff Workspace | Accepted
2924	T	row6	Duplicate Management | Accepted
2925	T	row7	Analytics Dashboard | Accepted
2926	T	row8	Administration Module | Accepted
2927	P		
2928	P		The original report records these groups as Accepted. A formal final submission should attach tester/date/approver or meeting/demo evidence if the program requires signed UAT proof.
2929	P	Heading3	5.8 Traceability Notes
2930	P	ListBullet	Backend unit-test count (31) is supported by both supplied Excel files and the backend repository test project.
2931	P	ListBullet	Manual/system count (33) is preserved from the original Report 5; this revision does not fabricate a new manual execution run.
2932	P	ListBullet	Playwright count (32) is preserved as a documented result from the original Report 5 and should be accompanied by the generated HTML report for the same run.
2933	P	ListBullet	System Staff scenarios have been rewritten to reflect the current Incident-centric frontend architecture; these revised cases should be included in the next manual regression cycle.
2934	P	ListBullet	Service Provider is acknowledged as part of the system architecture but is not added to the manual execution count without supplied test evidence.
2935	P	Heading3	5.9 Final Conclusion
2936	P		The available evidence demonstrates three distinct testing layers: 31/31 backend BLL unit tests passed; the source Report 5 documents 32/32 Playwright automated tests passed; and the initial manual/system execution records 31 passed, 1 failed, and 1 blocked out of 33 cases. The failed manual case is documented as fixed, but the historical execution matrix is retained until a retest result is recorded. No critical-severity defect is documented as unresolved. This revised report is therefore internally consistent about what was executed at each test level and avoids treating the three suites as one combined total.
2937	P		 
2938	P	Heading1	Appendix A - Evidence References
2939	T	row1	Reference | Location / Detail
2940	T	row2	Frontend repository | https://github.com/KieuVietAnh/UrbanService-FE
2941	T	row3	Backend repository | https://github.com/KieuVietAnh/CapstoneProject_BE
2942	T	row4	Backend unit-test project | CapstoneProject_BE/UrbanService.BLL.Tests
2943	T	row5	Frontend Playwright tests | UrbanService-FE/apps/web/tests
2944	T	row6	Unit-test evidence | Report5_TestReport.xlsx; Report5_Unit-Test.xlsx; issue date 13-Aug-2026, version 1.1
2945	P		
2946	P		 
2947	P	Heading1	VI. Release Package & User Guides
2948	P	Heading2	1. Deliverable Package
2949	T	row1	No. | Deliverable Item | Description
2950	T	row2	1 | Project Schedule / Tracking | Project schedule, milestone tracking, task assignment, and implementation progress records used during the development of the UrbanMind system.
2951	T	row3	2 | Project Backlog | Project backlog containing functional requirements, development tasks, feature status, bugs, and pending work throughout the project lifecycle.
2952	T	row4	3 | Source Codes | Source code of the UrbanMind system, including the web frontend application and shared API integration packages. The source code is managed using Git and GitHub for version control and collaboration.
2953	T	row5	4 | Database Script(s) | Database scripts, schema definitions, initialization scripts, and related database resources provided as part of the backend implementation package.
2954	T	row6	5 | Final Report Document | Final capstone project report including project introduction, project management plan, software requirements, system design, testing documentation, release package, and user guides.
2955	T	row7	6 | Test Cases Document | Test case documentation containing functional test scenarios, expected results, actual results, and test status for system features.
2956	T	row8	7 | Defects List | List of defects identified during development and testing, including defect description, severity, status, and resolution information.
2957	T	row9	8 | Issues List | List of known issues, limitations, integration problems, and pending improvements identified during the project.
2958	T	row10	9 | Slide | Presentation slides used for project demonstration, progress review, and final defense.
2959	P		
2960	P	Heading2	2. Installation Guides
2961	P	Heading3	2.1 System Requirements
2962	P		[Define any system requirements necessary to support the application, including the software and relevant configurations]
2963	P	Heading3	2.2 Installation Instruction
2964	P		[Includes installation instructions and configuration guidelines]
2965	P	Heading2	3. User Manual
2966	P	Heading3	3.1 Overview
2967	P		[Descript the overview of the application and if could, insert the features workflow to help user has the overview of all the features in this application]
2968	P	Heading3	3.2 Workflow 1: User Authentication and Account Access
2969	P	Heading3	Purpose
2970	P		This workflow describes how users create an account, verify their email address, sign in to the UrbanMind system, recover a forgotten password, and access the appropriate interface based on their assigned role.
2971	P		The authentication process ensures that only authenticated and authorized users can access protected functions in the system.
2972	P	Heading3	A. User Registration
2973	P		Description
2974	P		The registration function allows a new user to create an UrbanMind account by providing the required personal and authentication information. After the account is created successfully, the user must verify the registered email address before submitting feedback or using functions that require a verified account.
2975	P	Heading4	Step 1: Open the Registration Page
2976	P		From the Login page, select the registration option to open the account registration form.
2977	P		
2978	P		Figure 3.2.1. UrbanMind user registration page
2979	P	Heading4	Step 2: Enter Registration Information
2980	P		Enter the required information in the registration form, including:
2981	P		Full name
2982	P		Email address
2983	P		Phone number (optional)
2984	P		Password
2985	P		Password confirmation
2986	P		The system validates the entered information before allowing the registration request to be submitted.
2987	P		
2988	P		Figure 3.2.2. New account registration information
2989	P	Heading4	Step 3: Submit the Registration Request
2990	P		After completing all required fields, submit the registration form.
2991	P		The system validates the provided information and creates a new user account if the information is valid.
2992	P		If invalid or duplicate information is detected, the system displays the corresponding validation message.
2993	P	Heading4	Step 4: Verify the Email Address
2994	P		After successful registration, the system sends a six-digit OTP to the registered email address.
2995	P		Enter the received OTP on the email verification screen.
2996	P		
2997	P		Figure 3.2.3. Email verification screen
2998	P	Heading4	Step 5: Complete Account Verification
2999	P		Submit the verification code.
3000	P		If the verification is successful, the email address is marked as verified and the user can continue to functions that require a verified account.
3001	P	Heading3	B. User Login
3002	P		Description
3003	P		The login function allows registered users to access the UrbanMind system using email/password credentials or supported Google authentication.
3004	P		After successful authentication, the system identifies the user's assigned role and provides access to the corresponding system functions.
3005	P	Heading4	Step 1: Open the Login Page
3006	P		Open the UrbanMind application.
3007	P		The system displays the Login page.
3008	P		
3009	P		Figure 3.2.4. UrbanMind login page
3010	P	Heading4	Step 2: Enter Login Credentials
3011	P		Enter the registered:
3012	P		Email address
3013	P		Password
3014	P	Heading4	Step 3: Sign In
3015	P		Select the login button to submit the authentication request.
3016	P		The system validates the account information.
3017	P		If the credentials are incorrect, the system displays an error message and allows the user to retry.
3018	P		If authentication is successful, the system retrieves the authenticated user's information and assigned role.
3019	P	Heading4	Step 4: Access the System
3020	P		After successful authentication, the system redirects the user to the interface corresponding to the assigned role.
3021	P		UrbanMind supports several role-based interfaces, including:
3022	P		Citizen / Service User
3023	P		System Staff
3024	P		Service Provider
3025	P		Interaction Manager
3026	P		Administrator
3027	P		
3028	P		Figure 3.2.5. Successful login to the UrbanMind system
3029	P	Heading3	C. Forgot Password
3030	P		Description
3031	P		The password recovery function allows registered users to create a new password when they can no longer access their account using the current password.
3032	P		The user must verify account ownership before the password can be changed.
3033	P	Heading4	Step 1: Open the Password Recovery Function
3034	P		From the Login page, select the forgot-password option.
3035	P		The system displays the password recovery interface.
3036	P		
3037	P		Figure 3.2.6. UrbanMind password recovery interface
3038	P	Heading4	Step 2: Enter the Registered Email Address
3039	P		Enter the email address associated with the UrbanMind account.
3040	P		Submit the request to receive the account verification information.
3041	P		The system sends a verification code to the registered email address.
3042	P	Heading4	Step 3: Verify the Account
3043	P		Enter the verification code received through email.
3044	P		The system validates the verification information before allowing the user to set a new password.
3045	P		
3046	P		Figure 3.2.7. Account verification during password recovery
3047	P	Heading4	Step 4: Enter a New Password
3048	P		Enter:
3049	P		New password
3050	P		Password confirmation
3051	P		The system validates the new password according to the configured password requirements.
3052	P	Heading4	Step 5: Reset the Password
3053	P		Submit the new password.
3054	P		If the verification information and new password are valid, the system updates the user's password.
3055	P		The user can then return to the Login page and sign in using the new password.
3056	P		
3057	P		Figure 3.2.8. Password reset completed successfully
3058	P	Heading3	D. Role-based Access
3059	P		Description
3060	P		UrbanMind applies role-based authorization to control access to protected system features.
3061	P		After authentication, each user is allowed to access only the functions associated with the assigned role.
3062	P		For example:
3063	T	row1	Role | Main Access
3064	T	row2	Citizen / Service User | Submit and track feedback, access community information, and communicate with the system
3065	T	row3	System Staff | Review and process assigned feedback and incidents
3066	T	row4	Interaction Manager | Review feedback, manage incidents, approve resolutions, and monitor operations
3067	T	row5	Administrator | Manage users, system configuration, categories, SLA policies, and administrative monitoring
3068	P		Users who do not have the required permission cannot directly access protected functions assigned to another role.
3069	P	Heading3	3.3 Workflow 2: Citizen Feedback Submission and Tracking
3070	P	Heading3	Purpose
3071	P		This workflow describes how a Citizen submits an urban feedback report, monitors its processing progress, receives the final resolution after approval by the Interaction Manager, and provides an evaluation of the completed result.
3072	P		After submission, the feedback is reviewed by the system and responsible management roles before being assigned to Staff for processing.
3073	P	Heading3	A. Submit a New Feedback
3074	P		Description
3075	P		The feedback submission function allows a Citizen to report an urban issue by providing a title, detailed description, location, and supporting evidence.
3076	P		The submission process is divided into four main sections:
3077	P		Description
3078	P		Location
3079	P		Evidence
3080	P		Review
3081	P	Heading4	Step 1: Open the Feedback Submission Page
3082	P		After signing in, select “Gửi phản ánh” from the Citizen interface.
3083	P		The system displays the feedback creation page.
3084	P		
3085	P		Figure 3.3.1. UrbanMind feedback submission page
3086	P	Heading4	Step 2: Enter Feedback Information
3087	P		Enter the information describing the reported urban issue.
3088	P		The Citizen provides:
3089	P		Feedback title
3090	P		Detailed description
3091	P		The description should clearly explain the issue, the time it was observed, and its impact on the surrounding area.
3092	P		
3093	P		Figure 3.3.2. Entering the feedback title and detailed description
3094	P	Heading4	Step 3: Select the Issue Location
3095	P		Continue to the location section.
3096	P		Select or search for the location where the reported issue occurred.
3097	P		The system displays the selected location on the map and records the corresponding address information.
3098	P		
3099	P		Figure 3.3.3. Selecting the location of the reported urban issue
3100	P	Heading4	Step 4: Add Supporting Evidence
3101	P		Continue to the evidence section.
3102	P		Upload one or more images or videos that help illustrate the reported issue.
3103	P		Supporting evidence helps the system and responsible personnel verify the actual condition of the reported problem.
3104	P		
3105	P		Figure 3.3.4. Adding supporting evidence to the feedback
3106	P	Heading4	Step 5: Review the Feedback
3107	P		Before submission, review all previously entered information.
3108	P		The review section summarizes:
3109	P		Feedback title
3110	P		Description
3111	P		Selected location
3112	P		Address
3113	P		Supporting evidence
3114	P		The Citizen can return to a previous section if any information needs to be corrected.
3115	P		
3116	P		Figure 3.3.5. Reviewing feedback information before submission
3117	P	Heading4	Step 6: Submit the Feedback
3118	P		After confirming that all information is correct, select “Gửi phản ánh”.
3119	P		The system validates the submitted information and creates the feedback record.
3120	P		After successful submission, the feedback enters the review and processing workflow.
3121	P		
3122	P		Figure 3.3.6. Feedback submitted successfully
3123	P	Heading3	B. View My Feedback
3124	P		Description
3125	P		The “Phản ánh của tôi” function allows Citizens to review the feedback reports they have submitted and monitor their current processing status.
3126	P	Heading4	Step 1: Open My Feedback
3127	P		Select “Phản ánh của tôi” from the navigation bar.
3128	P		The system displays the Citizen's submitted feedback reports.
3129	P		
3130	P		
3131	P		Figure 3.3.7. Citizen feedback list
3132	P	Heading4	Step 2: Review Feedback Status
3133	P		Each feedback item displays its current processing status.
3134	P		The Citizen can filter submitted feedback by the following statuses:
3135	P		In Progress (Đang xử lý)
3136	P		Result Under Review (Đang kiểm tra kết quả)
3137	P		Result Available (Có kết quả)
3138	P		Waiting for Your Rating (Chờ bạn đánh giá)
3139	P		Completed (Đã kết thúc)
3140	P		Not Accepted (Không tiếp nhận)
3141	P		Cancelled (Đã hủy)
3142	P		The Citizen can select a feedback item to view its detailed information and processing progress.
3143	P	Heading3	C. View Feedback Details and Processing Progress
3144	P		Description
3145	P		The feedback detail page allows the Citizen to view the submitted information and follow the current progress of the feedback.
3146	P	Heading4	Step 1: Open Feedback Details
3147	P		From “Phản ánh của tôi”, select a feedback report.
3148	P		The system displays the detailed information of the selected feedback.
3149	P		
3150	P		
3151	P		Figure 3.3.8. Citizen feedback detail page
3152	P	Heading4	Step 2: Monitor Processing Progress
3153	P		The Citizen can follow the processing progress of the feedback.
3154	P		After submission, the feedback goes through the following internal process:
3155	P		The system performs an AI-assisted review of the submitted feedback.
3156	P		The Interaction Manager reviews and confirms the feedback.
3157	P		The Interaction Manager assigns the related incident to responsible Staff.
3158	P		Staff processes the assigned issue.
3159	P		Staff submits the processing result to the Interaction Manager.
3160	P		The Interaction Manager reviews the submitted result.
3161	P		If the result is not acceptable, the Staff is required to revise and resubmit the resolution.
3162	P		If the result is approved, the final result becomes available to the Citizen.
3163	P		The Citizen does not perform these internal processing actions but can monitor the resulting status changes from the feedback detail page.
3164	P		
3165	P		Figure 3.3.9. Tracking feedback processing progress
3166	P	Heading3	D. View the Final Processing Result
3167	P		Description
3168	P		After Staff completes the assigned work and the Interaction Manager approves the submitted resolution, the final processing result becomes available to the Citizen.
3169	P	Heading4	Step 1: Open the Processing Result
3170	P		Open the completed feedback from “Phản ánh của tôi”.
3171	P		Select the processing result when it becomes available.
3172	P		The system displays the final resolution information.
3173	P		
3174	P		
3175	P		Figure 3.3.10. Final feedback processing result
3176	P	Heading4	Step 2: Review Resolution Information
3177	P		The Citizen can review the available resolution information, including:
3178	P		Processing result
3179	P		Resolution summary
3180	P		Supporting evidence
3181	P		Completion information
3182	P		Current feedback status
3183	P		This allows the Citizen to verify how the reported issue was handled.
3184	P	Heading3	E. Rate the Processing Result
3185	P		Description
3186	P		After the final resolution is approved and delivered, the Citizen can evaluate the processing result.
3187	P		The evaluation helps the system collect feedback about service quality and the effectiveness of the resolution process.
3188	P	Heading4	Step 1: Open the Evaluation Section
3189	P		From the completed feedback result page, open the available evaluation function.
3190	P		The system displays the rating interface.
3191	P	Heading4	Step 2: Submit an Evaluation
3192	P		Select the appropriate rating and provide additional comments if supported.
3193	P		Submit the evaluation.
3194	P		The system records the Citizen's feedback for the completed case.
3195	P		
3196	P		
3197	P		Figure 3.3.11. Citizen evaluation of the completed feedback result
3198	P	Heading3	3.4 Workflow 3: Citizen AI Assistant and Private Support Conversation
3199	P	Heading3	Purpose
3200	P		This workflow describes how a Citizen uses the UrbanMind Support Center to communicate with the AI Assistant and, when necessary, exchange private messages with Staff regarding a specific feedback report.
3201	P		The AI Assistant supports system usage guidance, process explanations, and feedback drafting. Private Staff conversations are associated with individual feedback reports and are not visible to other Citizens.
3202	P	Heading3	A. Open the Support Center
3203	P		Description
3204	P		UrbanMind provides a floating Support Center that allows Citizens to access both the AI Assistant and private Staff communication from the current page.
3205	P	Heading4	Step 1: Open the Support Center
3206	P		Select the floating support button displayed on the right side of the Citizen interface.
3207	P		The Support Center opens as a side panel.
3208	P		The panel provides two communication channels:
3209	P		AI Assistant (Trợ lý AI)
3210	P		Staff (Nhân viên)
3211	P		
3212	P		
3213	P		Figure 3.4.1. UrbanMind Support Center
3214	P	Heading3	B. Chat with the AI Assistant
3215	P		Description
3216	P		The AI Assistant allows the Citizen to ask questions about how to use UrbanMind, understand system processes, and receive assistance in preparing feedback information.
3217	P		The AI Assistant provides automated guidance and does not represent an official processing commitment from Staff.
3218	P	Heading4	Step 1: Select the AI Assistant
3219	P		Select “Trợ lý AI” in the Support Center.
3220	P		The system displays the current AI conversation and previously saved AI conversations.
3221	P	Heading4	
3222	P		Figure 3.4.2. Citizen AI Assistant interface
3223	P	Heading4	Step 2: Send a Question
3224	P		Enter a question in the message field and submit it.
3225	P		The AI Assistant processes the request and displays its response in the conversation.
3226	P		Citizens can use the assistant to ask about:
3227	P		How to use UrbanMind
3228	P		Feedback submission procedures
3229	P		Feedback processing workflow
3230	P		Other supported system functions
3231	P		
3232	P		Figure 3.4.3. Asking the AI Assistant for system guidance
3233	P	Heading3	C. Manage AI Conversations
3234	P		Description
3235	P		UrbanMind stores AI conversations so that Citizens can continue a previous discussion without starting over each time the Support Center is opened.
3236	P	Heading4	Step 1: View Previous Conversations
3237	P		The “Hội thoại AI của tôi” section displays saved AI conversations.
3238	P		Select a conversation to reopen its message history.
3239	P		The system restores the selected conversation and allows the Citizen to continue chatting.
3240	P		
3241	P		Figure 3.4.4. Citizen AI conversation history
3242	P	Heading4	Step 2: Start a New Conversation
3243	P		Select “Chat mới” to start a separate AI conversation.
3244	P		The new conversation does not replace previous conversations, allowing different topics to be maintained independently.
3245	P	Heading4	Step 3: Delete an AI Conversation
3246	P		If an AI conversation is no longer required, select the delete action for that conversation.
3247	P		The system displays a confirmation dialog before permanently removing it.
3248	P		
3249	P		Figure 3.4.5. Confirming deletion of an AI conversation
3250	P	Heading3	D. Create Feedback with AI Assistance
3251	P		Description  The AI Assistant can guide a Citizen through the preparation of a new feedback report. Instead of manually completing the standard feedback form from the beginning, the Citizen can provide information conversationally and allow the assistant to collect the required feedback details.
3252	P	Heading4	Step 1: Start Feedback Creation
3253	P		In the AI Assistant, select “Tạo phản ánh” or enter a message indicating that a new feedback report should be created.
3254	P		For example:  “Tôi muốn tạo phản ánh về một đèn đường bị hỏng.”
3255	P		The AI Assistant starts collecting the required feedback information.
3256	P		
3257	P		Figure 3.4.6. Starting feedback creation with the AI Assistant
3258	P	Heading4	Step 2: Provide Feedback Information
3259	P		The AI Assistant guides the Citizen through the required information, including:
3260	P		Feedback title
3261	P		Detailed description
3262	P		Feedback category
3263	P		Location
3264	P		Supporting evidence
3265	P		The Citizen answers each question directly in the conversation.
3266	P		
3267	P		Figure 3.4.7. Providing feedback information through the AI Assistant
3268	P	Heading4	Step 3: Provide the Location
3269	P		The Citizen can enter the feedback location manually or use the GPS function provided in the Support Center.
3270	P		If GPS access is permitted, the system retrieves the current coordinates and includes them in the feedback information.
3271	P		
3272	P		Figure 3.4.8. Providing the feedback location with AI assistance
3273	P	Heading4	Step 4: Attach Supporting Images
3274	P		Use the image attachment function to select supporting images related to the reported issue.
3275	P		The system displays the number of selected images before submission.
3276	P		
3277	P		Figure 3.4.9. Adding supporting images to an AI-assisted feedback
3278	P	Heading4	Step 5: Continue to the Feedback Submission Form
3279	P		After the AI Assistant has collected sufficient information, the Citizen selects “Gửi phản ánh”.
3280	P		The system opens the standard UrbanMind feedback submission page and transfers the information collected from the AI conversation into the feedback form.
3281	P		The Citizen can review and edit the pre-filled information before submitting the feedback.
3282	P		
3283	P		Figure 3.4.10. AI-assisted feedback information transferred to the submission form
3284	P	Heading4	Step 6: Review and Submit the Feedback
3285	P		The Citizen reviews the pre-filled feedback information, updates any information if necessary, and completes any remaining required fields.
3286	P		After confirming that the information is correct, the Citizen submits the feedback using the standard feedback submission workflow.
3287	P		The final submission process follows the standard feedback submission procedure described in Section 3.3
3288	P	Heading3	E. Private Conversation with Staff
3289	P		Description
3290	P		UrbanMind allows a Citizen to privately communicate with Staff regarding an existing feedback report.
3291	P		Each feedback report has its own separate conversation. Messages in this channel are associated with the selected feedback and are not visible to other Citizens.
3292	P	Heading4	Step 1: Select the Staff Channel
3293	P		Open the Support Center and select “Nhân viên”.
3294	P		The system displays the Citizen's feedback reports that are available for private communication.
3295	P		
3296	P		Figure 3.4.11. Private Staff communication channel
3297	P	Heading4	Step 2: Select a Feedback Report
3298	P		Select the feedback report that the Citizen wants to discuss.
3299	P		The system opens the private conversation associated with that feedback.
3300	P		The selected feedback title and current status are displayed above the conversation.
3301	P		
3302	P		Figure 3.4.12. Selecting a feedback for private Staff communication
3303	P	Heading4	Step 3: Exchange Messages with Staff
3304	P		Enter a message and send it to the responsible Staff.
3305	P		The conversation history is displayed chronologically so that both parties can follow previous communication related to the feedback.
3306	P		Only public messages exchanged between the Citizen and Staff are displayed in this Citizen channel. Internal Staff messages are not shown.
3307	P		
3308	P		Figure 3.4.13. Private conversation between a Citizen and Staff
3309	P	Heading4	Step 4: Open the Related Feedback
3310	P		From the private Staff conversation, the Citizen can select “Xem phản ánh” to return to the corresponding feedback detail page.
3311	P		This allows the Citizen to review the report and its processing status while maintaining the conversation context.
3312	P	Heading3	3.5 Workflow 4: Community Incident Monitoring
3313	P	Heading3	Purpose
3314	P		This workflow describes how a Citizen monitors verified urban incidents that are publicly available in the community, views incident details and processing progress, explores incidents on the community map, and follows area-based alerts.
3315	P		These functions help Citizens stay informed about urban issues occurring in different areas and understand how those incidents are being processed.
3316	P		
3317	P	Heading3	A. View the Community Feed
3318	P		Description
3319	P		The Community Feed provides a public list of verified urban incidents that are available for community monitoring.
3320	P		Citizens can browse recent incidents, search for relevant issues, and open an incident to view more detailed information.
3321	P	Heading4	Step 1: Open the Community Feed
3322	P		Select “Bảng tin” from the Citizen navigation bar.
3323	P		The system displays the Community Feed containing publicly available urban incidents.
3324	P		
3325	P		Figure 3.5.1. UrbanMind Community Feed
3326	P	Heading4	Step 2: Search for an Incident
3327	P		Use the search field to find a specific urban incident.
3328	P		The search function can be used to locate incidents based on information such as:
3329	P		Incident title
3330	P		Location
3331	P		Related urban issue
3332	P		The system updates the displayed incidents according to the entered search information.
3333	P		
3334	P		Figure 3.5.2. Searching for an incident in the Community Feed
3335	P	Heading4	Step 3: Browse Community Incidents
3336	P		The Citizen can browse the incident cards displayed in the Community Feed.
3337	P		Each item provides summary information that helps the Citizen identify the incident and its current condition.
3338	P		Select an incident to open its detailed public information.
3339	P	Heading3	B. View Community Incident Details
3340	P		Description
3341	P		Citizens can select an incident from the Community Feed to view its public information and current processing status.
3342	P	Heading4	Step 1: Open an Incident
3343	P		Select an incident from the Community Feed.
3344	P		The system displays the public details of the selected incident.
3345	P		The incident detail page may include:
3346	P		Incident title
3347	P		Incident description
3348	P		Category
3349	P		Location
3350	P		Current processing status
3351	P		Processing progress
3352	P		Public evidence or related information
3353	P		
3354	P		
3355	P		Figure 3.5.3. Community incident detail page
3356	P	Heading4	Step 2: Review Incident Processing Progress
3357	P		The incident detail page allows the Citizen to follow the current processing progress of the incident.
3358	P		Depending on its current state, the incident may be shown as:
3359	P		In progress
3360	P		Waiting for result review
3361	P		Result available
3362	P		Completed
3363	P		Closed
3364	P		The displayed progress helps the Citizen understand the current handling stage of the incident.
3365	P	Heading3	C. Monitor Incidents on the Community Map
3366	P		Description
3367	P		The Community Map allows Citizens to explore publicly available urban incidents geographically.
3368	P		The map displays incident locations and provides search and filtering functions to help Citizens identify relevant incidents by area, category, or processing status.
3369	P	Heading4	Step 1: Open the Community Map
3370	P		Select “Bản đồ sự cố” from the Citizen navigation bar.
3371	P		The system displays the community incident map.
3372	P		Incident markers are shown according to the currently available public incident data.
3373	P		
3374	P		Figure 3.5.4. UrbanMind community incident map
3375	P	Heading4	Step 2: Search for an Incident
3376	P		Use the “Tìm sự vụ” field to search for an incident by name or location.
3377	P		The system updates the displayed result based on the search information.
3378	P		
3379	P		Figure 3.5.5. Searching for an incident on the community map
3380	P	Heading4	Step 3: Filter Incidents
3381	P		Use the available filters to narrow the incidents displayed on the map.
3382	P		The map may support filtering by:
3383	P		Area
3384	P		Incident category
3385	P		Processing status
3386	P		The system updates the markers and incident information according to the selected filter values.
3387	P		
3388	P		Figure 3.5.6. Filtering incidents on the community map
3389	P	Heading4	Step 4: Select an Incident on the Map
3390	P		Select an incident marker on the map.
3391	P		The system displays summary information about the selected incident.
3392	P		The Citizen can use this information to identify the incident before opening its detail page.
3393	P		
3394	P		Figure 3.5.7. Viewing a selected incident on the community map
3395	P	Heading4	Step 5: Open Incident Details
3396	P		Select the available detail action for the chosen incident.
3397	P		The system opens the corresponding public incident detail page.
3398	P		The Citizen can return to the Community Map after reviewing the incident information.
3399	P	Heading3	D. View Area Alerts
3400	P		Description
3401	P		The Area Alerts function allows Citizens to monitor public urban alerts associated with specific areas.
3402	P		Citizens can follow areas of interest and review the latest alerts relevant to those locations.
3403	P	Heading4	Step 1: Open Area Alerts
3404	P		Select “Cảnh báo” from the Citizen navigation bar.
3405	P		The system displays the “Cảnh báo khu vực” page.
3406	P		
3407	P		Figure 3.5.8. UrbanMind area alerts page
3408	P	Heading4	Step 2: Follow an Area
3409	P		Select an available area and choose the follow action.
3410	P		The selected area is added to the Citizen's followed areas.
3411	P		This allows the system to prioritize alerts associated with locations the Citizen is interested in.
3412	P		
3413	P		Figure 3.5.9. Following an area for urban alerts
3414	P	Heading4	Step 3: Review Active Alerts
3415	P		Review the available alerts displayed in the “Cảnh báo mới nhất” section.
3416	P		The Citizen can view alerts associated with followed areas and other public areas available in the system.
3417	P		The displayed information helps the Citizen stay informed about incidents or conditions that may affect the selected locations.
3418	P		
3419	P		Figure 3.5.10. Reviewing the latest urban area alerts
3420	P	Heading4	Step 4: Stop Following an Area
3421	P		If an area is no longer relevant, remove it from the followed area list.
3422	P		The system updates the Citizen's area alert preferences accordingly.
3423	P	Heading3	3.6 Workflow 5: Staff Assigned Incident Review and Processing
3424	P		Description
3425	P		The Staff Assigned Incident Review and Processing workflow allows System Staff to monitor incidents assigned to their account, review incident information and related citizen reports, inspect the activity timeline and SLA status, and start the operational handling flow. After an Interaction Manager assigns an incident, the incident appears in the staff workspace and can be processed by the responsible Staff member.
3426	P	Heading4	Step 1: Open the Staff Dashboard
3427	P		After signing in with a System Staff account, the system displays the staff work overview. The dashboard summarizes assigned incidents, incidents currently being processed, incidents requiring rework, incidents waiting for approval, and SLA information. Staff can open an incident requiring attention or select View All Incidents.
3428	P		
3429	P		Figure 3.6.1. Staff work overview dashboard
3430	P	Heading4	Step 2: View Assigned Incidents
3431	P		Open My Incidents from the navigation menu. The system displays incidents assigned to the current Staff account. Staff can search and filter incidents by processing status, priority, severity, area, and category.
3432	P		
3433	P		Figure 3.6.2. Staff assigned incident list
3434	P	Heading4	Step 3: Open Incident Details
3435	P		Select View Details for an assigned incident. The incident detail page displays the incident code, title, current status, priority, severity, area, category, responsible Staff member, and latest update time.
3436	P		
3437	P		Figure 3.6.3. Assigned incident overview
3438	P	Heading4	Step 4: Review Incident Information and SLA
3439	P		In the Overview tab, review the recorded location, map position, classification, expected deadline, responsible Staff information, and current SLA status. The SLA panel shows the first-response and resolution deadlines so the incident can be prioritized appropriately.
3440	P		
3441	P		Figure 3.6.4. Incident classification and SLA information
3442	P	Heading4	Step 5: Review Related Citizen Reports
3443	P		Open the Related Reports tab. The system displays citizen feedback records linked to the incident, including the report source, citizen information, linking method, linking time, and reason for the relationship. Staff may open an individual report when additional information is required.
3444	P		
3445	P		Figure 3.6.5. Related citizen reports
3446	P	Heading4	Step 6: Review the Incident Timeline
3447	P		Open the Timeline tab. The system displays incident events in chronological order, including report verification, incident creation, Staff assignment, and status changes. Staff can use this information to understand the actions performed before the incident was assigned.
3448	P		
3449	P		Figure 3.6.6. Incident activity timeline
3450	P	Heading4	Step 7: Start Incident Processing
3451	P		Open the Processing tab. The workflow panel displays the current incident status, responsible Staff member, assignment time, and current workflow stage. When the incident is waiting to start, select Start Processing to begin the operational flow.
3452	P		
3453	P		Figure 3.6.7. Staff incident processing workflow
3454	P	Heading4	Step 8: Select a Processing Method
3455	P		The system asks how the incident will be handled. Choose Coordinate with a Service Provider when external support is required, or Handle Directly when the work can be completed within the Staff member's responsibility. The following workflow demonstrates provider coordination.
3456	P		
3457	P		Figure 3.6.8. Incident processing method selection
3458	P	Heading3	3.7 Workflow 6: Staff Provider Coordination and Resolution Submission
3459	P		Description
3460	P		The Staff Provider Coordination and Resolution Submission workflow allows the assigned System Staff member to coordinate an incident with an external service provider, record communication activities, upload completion evidence, and submit the processing result to the Interaction Manager for review. The external provider does not operate the Staff workspace directly; Staff records provider-related activities and evidence in the system.
3461	P	Heading4	Step 1: Select a Service Provider
3462	P		After choosing provider coordination, the system displays providers whose coverage matches the incident area and service category. Review the available provider and coordinator information before making a selection.
3463	P		
3464	P		Figure 3.7.1. Available service provider for the incident
3465	P	Heading4	Step 2: Confirm the Provider Selection
3466	P		Select the appropriate provider and, if necessary, enter an assignment note. The selected provider is highlighted and the Assign & Start action becomes available.
3467	P		
3468	P		Figure 3.7.2. Selected service provider and assignment note
3469	P	Heading4	Step 3: Confirm Provider Assignment and Start Processing
3470	P		Select Assign & Start. The system displays a confirmation dialog containing the incident, selected provider, area, and category. Confirm the action to assign the provider and move the incident into the processing stage.
3471	P		
3472	P		Figure 3.7.3. Provider assignment confirmation
3473	P	Heading4	Step 4: Open the Provider Contact Log
3474	P		After the provider is assigned, the workflow moves to the contact stage. Staff can record the contact method, contact time, contact result, and optional notes for communication with the external provider.
3475	P		
3476	P		Figure 3.7.4. Provider contact log form
3477	P	Heading4	Step 5: Enter Contact Information
3478	P		Enter the communication details for the provider. In the example, the provider is contacted through Zalo and the contact result is recorded as successful.
3479	P		
3480	P		Figure 3.7.5. Provider contact information
3481	P	Heading4	Step 6: Save and Review the Contact Log
3482	P		Select Save Contact Log. The system stores the entry, displays it in the contact history, and advances the provider workflow to the active processing stage. Additional contact entries can be added when required.
3483	P		
3484	P		Figure 3.7.6. Saved provider contact history
3485	P	Heading4	Step 7: Select Completion Evidence
3486	P		When work has been performed, select one or more evidence files and optionally enter a description. The evidence should document the completed work for later Manager review.
3487	P		
3488	P		Figure 3.7.7. Completion evidence selection
3489	P	Heading4	Step 8: Upload and Verify Completion Evidence
3490	P		Select Upload Evidence. After a successful upload, the file appears in the saved-evidence section with its file type, upload time, and uploader information.
3491	P		
3492	P		Figure 3.7.8. Uploaded completion evidence
3493	P	Heading4	Step 9: Enter the Processing Result
3494	P		In the Submit Result section, enter the result summary, work performed, and an optional note for the Manager. Before submission, the system also shows the selected provider and the number of saved evidence files.
3495	P		
3496	P		Figure 3.7.9. Incident processing result information
3497	P	Heading4	Step 10: Confirm Resolution Submission
3498	P		Select Submit Result for Approval. The system displays a confirmation dialog summarizing the incident, result, provider, and evidence. Confirm the submission to send the result to the Manager for review.
3499	P		
3500	P		Figure 3.7.10. Resolution submission confirmation
3501	P	Heading4	Step 11: Review the Completed Provider Coordination
3502	P		After submission, the provider coordination stage is shown as completed and the saved contact history remains available for traceability. Processing controls are restricted after the incident moves to a state that no longer allows Staff updates.
3503	P		
3504	P		Figure 3.7.11. Completed provider coordination
3505	P	Heading4	Step 12: Monitor the Submitted Resolution
3506	P		Open the Processing Result tab to view the submitted result, work performed, evidence count, and current review status. In this example, the result is waiting for Manager approval. Submitting the result does not itself approve or close the incident. If the Manager requests rework, Staff can continue processing and submit an updated result according to the incident state.
3507	P		
3508	P		Figure 3.7.12. Submitted resolution awaiting Manager approval
3509	P	Heading3	3.8 Workflow 7: Manager Feedback Review and Incident Creation/Linking
3510	P		Description
3511	P		The Manager Feedback Review and Incident Creation/Linking workflow allows the Interaction Manager to review incoming citizen feedback, validate AI-generated classification, inspect the original report information, and decide whether the feedback should be handled as a separate incident or linked to an existing incident when a suitable match is identified.
3512	P	Heading4	Step 1: Open Feedback Monitoring
3513	P		Open Feedback Monitoring from the Manager navigation menu. The system displays feedback records within the Manager's supervision scope together with priority, processing status, creation time, search, and filtering controls.
3514	P		
3515	P		Figure 3.8.1. Manager feedback monitoring list
3516	P	Heading4	Step 2: Open the Feedback Review Queue
3517	P		Open Feedback Review to view reports waiting for Manager verification. The page summarizes the number of pending reports and highlights reports with high severity or urgent priority.
3518	P		
3519	P		Figure 3.8.2. Feedback waiting for Manager verification
3520	P	Heading4	Step 3: Review AI Analysis
3521	P		Select a feedback record. The system displays the AI-generated incident summary, confidence level, suggested severity, priority, and a possible duplicate indication when similar data is detected.
3522	P		
3523	P		Figure 3.8.3. AI analysis for feedback verification
3524	P	Heading4	Step 4: Validate or Adjust the AI Classification
3525	P		Review the suggested category, area, severity, and priority. The Manager may adjust the AI recommendation before confirming the feedback. Risk notes and suggested actions are also displayed to support the review.
3526	P		
3527	P		Figure 3.8.4. Manager adjustment of AI classification
3528	P	Heading4	Step 5: Inspect the Original Feedback Details
3529	P		Review the original report information, including the reporter, category, area, submitted content, map location, and citizen-provided media. This information is used to validate the AI result before the feedback is confirmed.
3530	P		
3531	P		Figure 3.8.5. Original citizen feedback details
3532	P	Heading4	Step 6: Confirm the Feedback
3533	P		After reviewing the AI recommendation and original report, select Confirm Feedback. The confirmed feedback becomes eligible for incident processing. If no suitable existing incident is selected, the feedback continues through the incident workflow as a separate incident.
3534	P		
3535	P		Figure 3.8.6. Feedback confirmation action
3536	P	Heading4	Step 7: Review a Suggested Existing Incident
3537	P		When the system identifies a possible match, the Manager can open the duplicate suggestion and compare the new feedback with the representative feedback of the suggested incident.
3538	P		
3539	P		Figure 3.8.7. Suggested incident comparison
3540	P	Heading4	Step 8: Link the Feedback to an Existing Incident
3541	P		Review the comparison summary such as category, area, location, creation time, and content. Select Confirm Link when the feedback belongs to the suggested incident, or Confirm Not Duplicate when it should remain separate.
3542	P		
3543	P		Figure 3.8.8. Manager decision to link feedback to an incident
3544	P	Heading3	
3545	P	Heading3	3.9 Workflow 8: Manager Incident Management and Duplicate Handling
3546	P		Description
3547	P		The Manager Incident Management and Duplicate Handling workflow allows the Interaction Manager to maintain incident information, assign responsible Staff, manage linked feedback, review duplicate suggestions, merge incidents when necessary, and control incident-level operational information such as SLA status.
3548	P	Heading4	Step 1: Open Incident Details
3549	P		Open Incident Management and select an incident. The detail page displays the incident status, priority, severity, area, category, number of linked reports, followers, responsible Staff, and available management actions.
3550	P		
3551	P		Figure 3.9.1. Manager incident detail and management actions
3552	P	Heading4	Step 2: Review Incident SLA Information
3553	P		Review the active SLA policy, response deadline, resolution deadline, SLA history, and current running state. Operational controls such as Pause SLA, Recalculate SLA, Complete SLA, Check Violation, and Cancel SLA are available according to the incident state.
3554	P		
3555	P		Figure 3.9.2. Incident SLA status and operational controls
3556	P	Heading4	Step 3: Update Incident Priority or Severity
3557	P		Select Edit Level when the incident classification must be corrected. The Manager can update the incident title, description, priority, and severity, then save the changes.
3558	P		
3559	P		Figure 3.9.3. Update incident priority and severity
3560	P	Heading4	Step 4: Assign Responsible Staff
3561	P		Select Assign Staff to display Staff members whose area and category responsibilities match the incident. Choose an appropriate Staff member and confirm the assignment.
3562	P		
3563	P		Figure 3.9.4. Assign responsible Staff to an incident
3564	P	Heading4	Step 5: Verify the Assignment Result
3565	P		After assignment, the incident status and responsible Staff information are updated. The system confirms the successful operation and the assigned Staff can continue the handling workflow.
3566	P		
3567	P		Figure 3.9.5. Incident after Staff assignment
3568	P	Heading4	Step 6: Review Duplicate Suggestions
3569	P		Open Duplicate Handling to view candidate pairs identified as potentially representing the same real-world issue. The list displays the new feedback, suggested incident, similarity level, and current decision status.
3570	P		
3571	P		Figure 3.9.6. Duplicate suggestion management list
3572	P	Heading4	Step 7: Compare Duplicate Candidate Data
3573	P		Open a duplicate suggestion to compare media and relevant attributes such as title, category, area, priority, creation time, and geographic distance before making a decision.
3574	P		
3575	P		Figure 3.9.7. Detailed duplicate candidate comparison
3576	P	Heading4	Step 8: Link Additional Feedback to an Incident
3577	P		From the incident detail page, select Link Feedback. Search and filter eligible feedback records, then link the appropriate report to the current incident. Linked reports remain visible in the incident history and report list.
3578	P		
3579	P		Figure 3.9.8. Link an additional feedback record to an incident
3580	P	Heading4	Step 9: Merge Incidents When Required
3581	P		Select Merge Incident when two incidents represent the same operational issue. The Manager can choose whether to keep the current incident as the primary incident or merge the current incident into another incident, then select the merge target and confirm the operation.
3582	P		
3583	P		Figure 3.9.9. Incident merge options
3584	P	Heading3	
3585	P	Heading3	3.10 Workflow 9: Manager Resolution Approval and Operational Control
3586	P		Description
3587	P		The Manager Resolution Approval and Operational Control workflow allows the Interaction Manager to review results submitted by Staff, compare completion evidence with the original condition, approve acceptable results, request rework when additional action is required, and maintain operational provider-coordination information used during incident handling.
3588	P	Heading4	Step 1: Open the Resolution Approval Queue
3589	P		Open Resolution Approval from the Manager menu. The page displays incidents waiting for a decision together with category, priority, severity, waiting time, and filtering controls.
3590	P		
3591	P		Figure 3.10.1. Incident resolutions waiting for Manager approval
3592	P	Heading4	Step 2: Review the Submitted Incident Result
3593	P		Select an incident from the queue. The system displays the decision controls together with incident status, priority, severity, responsible Staff, and SLA information.
3594	P		
3595	P		Figure 3.10.2. Resolution approval detail
3596	P	Heading4	Step 3: Review the Submitted Result Information
3597	P		Scroll to the pending result section to review the submitting Staff member, submission time, processing unit, result summary, and work performed.
3598	P		
3599	P		Figure 3.10.3. Submitted processing result information
3600	P	Heading4	Step 4: Compare Before-and-After Evidence
3601	P		Review the original incident image and the completion evidence uploaded after processing. The visual comparison helps the Manager verify whether the reported work is supported by evidence.
3602	P		
3603	P		Figure 3.10.4. Before-and-after processing evidence
3604	P	Heading4	Step 5: Request Rework When the Result Is Insufficient
3605	P		Select Request Rework when the submitted result requires additional work or clarification. Enter the reason for rework and confirm the request. The incident returns to a rework state and the reason is made available to Staff.
3606	P		
3607	P		Figure 3.10.5. Manager request for result rework
3608	P	Heading4	Step 6: Staff Receives the Rework Request
3609	P		After the request is submitted, Staff receives a notification and the incident displays the Needs Rework state. The previous submitted result remains available for reference while Staff continues processing.
3610	P		
3611	P		
3612	P		Figure 3.10.6. Rework notification and incident state for Staff
3613	P	Heading4	Step 7: Staff Resubmits the Updated Result
3614	P		After completing the requested changes, Staff reviews the updated result and evidence, then confirms Resubmit Result. The new submission is sent back to the Manager for another approval decision.
3615	P		
3616	P		Figure 3.10.7. Staff resolution resubmission confirmation
3617	P	Heading4	Step 8: Approve an Acceptable Resolution
3618	P		When the result satisfies the processing requirements, select Approve Result. The system displays a confirmation dialog where the Manager may add an optional note before confirming approval.
3619	P		
3620	P		Figure 3.10.8. Manager resolution approval confirmation
3621	P	Heading4	Step 9: Verify the Approval Result
3622	P		After approval, the system confirms that the resolution has been approved and removes the incident from the current approval queue.
3623	P		
3624	P		Figure 3.10.9. Successful resolution approval
3625	P	Heading4	Step 10: Review Provider Coordinator Operations
3626	P		Open Provider Coordinator Management to monitor external service units and their coordinators. The list includes provider contact information, responsibility coverage, operational status, and filtering controls.
3627	P		
3628	P		Figure 3.10.10. Provider coordinator management
3629	P	Heading4	Step 11: Add a Provider Coordinator
3630	P		Select Add Coordinator when a new service unit or coordinator must be registered. Enter the provider name, responsible contact, phone number, email, address, and optional notes, then save and continue to coverage configuration.
3631	P		
3632	P		Figure 3.10.11. Add provider coordinator information
3633	P	Heading3	
3634	P	Heading3	3.11 Workflow 10: Manager Analytics and Monitoring
3635	P		Description
3636	P		The Manager Analytics and Monitoring workflow provides the Interaction Manager with operational dashboards for workload, incident progress, priority distribution, geographic distribution, SLA performance, violation trends, and hotspot monitoring. These views support ongoing supervision without changing incident processing data directly.
3637	P	Heading4	Step 1: Open the Manager System Overview
3638	P		Open System Overview to review current workload indicators, including total incidents, incidents in progress, results waiting for approval, completed incidents, urgent incidents, and SLA warning or violation counts.
3639	P		
3640	P		Figure 3.11.1. Manager system overview dashboard
3641	P	Heading4	Step 2: Review Incident Progress and Trends
3642	P		Review the incident processing distribution, priority structure, and monthly intake trend. These charts show how incidents are distributed across processing states and how new and completed incidents change over time.
3643	P		
3644	P		Figure 3.11.2. Incident progress and intake trends
3645	P	Heading4	Step 3: Review Geographic Incident Distribution
3646	P		Use the incident distribution section to filter by category, area, and time range. The system summarizes open and completed incidents and plots available incident coordinates on the map.
3647	P		
3648	P		Figure 3.11.3. Geographic incident distribution
3649	P	Heading4	Step 4: Open SLA Analytics
3650	P		Open SLA Analytics to review the total number of SLA records, active SLA records, warning cases, violations, time-based compliance rates, and average response and completion performance.
3651	P		
3652	P		Figure 3.11.4. Manager SLA analytics overview
3653	P	Heading4	Step 5: Review SLA Violation Trends and Recent Violations
3654	P		Review the violation trend chart and the recent violation table. Each record identifies the incident or SLA, violation type, timestamp, and overdue duration, with navigation back to the related incident.
3655	P		
3656	P		Figure 3.11.5. SLA violation monitoring
3657	P	Heading4	Step 6: Review the Incident Hotspot Map
3658	P		Open Hotspot Map to visualize incident coordinates, clustered points, and priority areas. Filters can be applied by area, service, status, severity, priority, and coordinate availability.
3659	P		
3660	P		Figure 3.11.6. Incident hotspot monitoring map
3661	P	Heading3	3.12 Workflow 11: Administrator System Management
3662	P		Description
3663	P		The Administrator System Management workflow allows the Administrator to monitor system-wide operations and maintain user accounts, staff responsibility scopes, provider coordinators, citizen feedback records, incidents, feedback categories, routing contacts, and SLA policies. Administrative configuration is performed from dedicated management pages while operational incident actions remain role-specific.
3664	P	Heading4	Step 1: Open the Administrator System Overview
3665	P		Open System Overview from the Administrator navigation. Review total incidents, open incidents, high or urgent priority indicators, SLA warnings or violations, category and ward distribution, and the incident map.
3666	P		
3667	P		Figure 3.12.1. Administrator system overview dashboard
3668	P	Heading4	Step 2: Review and Manage User Accounts
3669	P		Open User Management to search and filter accounts by role or status. The page also shows total, active, locked, and internal account counts. Available actions include editing access, resetting a password, and locking an account.
3670	P		
3671	P		Figure 3.12.2. Administrator user account management
3672	P	Heading4	Step 3: Create a User Account
3673	P		Select Create Account. Enter the user's full name, email, phone number, password, password confirmation, and role, then submit the form.
3674	P		
3675	P		Figure 3.12.3. Create user account form
3676	P	Heading4	Step 4: Update User Role and Login Access
3677	P		Select Edit Access for an account. Update the assigned role and use the login-access control when the account should be enabled or disabled, then save the changes.
3678	P		
3679	P		Figure 3.12.4. User role and login access settings
3680	P	Heading4	Step 5: Reset a User Password
3681	P		Use the Password action when an administrator must issue a new credential. Enter and confirm the new password, then confirm the reset. The separate Lock action can prevent sign-in until the account is reopened.
3682	P		
3683	P		Figure 3.12.5. Administrator password reset dialog
3684	P	Heading4	Step 6: Review Staff Responsibility Scopes
3685	P		Open Staff Responsibility Scope to review active staff assignments by ward and feedback category. Primary scopes and the current operational status are displayed for each staff member.
3686	P		
3687	P		Figure 3.12.6. Staff responsibility scope management
3688	P	Heading4	Step 7: Add or Update a Staff Responsibility Assignment
3689	P		Select Add Assignment to create a responsibility scope. Choose the staff member, ward or area, category, and optionally mark the assignment as the primary scope before saving. Existing assignments can be edited or paused from the list.
3690	P		
3691	P		Figure 3.12.7. Add staff responsibility assignment
3692	P	Heading4	Step 8: Review Provider Coordinators
3693	P		Open Provider Coordinator Management to review service providers, responsible contacts, responsibility coverage, and active status. Use Add Coordinator when a new provider record is required.
3694	P		
3695	P		Figure 3.12.8. Provider coordinator management
3696	P	Heading4	Step 9: Review Provider Details and Responsibility Coverage
3697	P		Open a coordinator record to edit provider and contact information and review configured responsibility scopes. Additional coverage can be added, existing coverage can be edited, and a coordinator can be deactivated when it should no longer be suggested for new incidents.
3698	P		
3699	P		Figure 3.12.9. Provider coordinator detail and coverage
3700	P	Heading4	Step 10: Manage Citizen Feedback Records
3701	P		Open Feedback Management to search and filter citizen feedback by status, category, and location. Administrators can open a feedback record for review and can use the delete action when a record is eligible for permanent removal.
3702	P		
3703	P		Figure 3.12.10. Administrator feedback management
3704	P	Heading4	Step 11: Review Incident Records
3705	P		Open Incident Management to search and filter incidents by ward, category, status, severity, priority, and coordinate availability. Select an incident to review its operational data.
3706	P		
3707	P		Figure 3.12.11. Administrator incident management
3708	P	Heading4	Step 12: Review Incident Detail and SLA History
3709	P		On Incident Detail, review current status, priority, severity, assigned staff, SLA information, map location, source feedback, followers, and activity history. The Administrator view is read-only for operational actions reserved for the Manager.
3710	P		
3711	P		Figure 3.12.12. Administrator incident detail in read-only mode
3712	P	Heading4	Step 13: Manage Feedback Categories
3713	P		Open Feedback Categories to review configured categories, active status, and the default processing contact. Use Edit to update category information, Pause to stop the category from being used for new data, and Manage Contacts to maintain routing contacts by ward.
3714	P		
3715	P		Figure 3.12.13. Feedback category management
3716	P	Heading4	Step 14: Manage Routing Contacts by Ward
3717	P		Open Manage Contacts for a category to review available provider or coordinator contacts for each ward and switch the active or primary routing contact when needed.
3718	P		
3719	P		Figure 3.12.14. Category routing contact management
3720	P	Heading4	Step 15: Review SLA Policies
3721	P		Open SLA Policies to review response and completion commitments by area, category, priority, effective period, and activation state. Available actions allow administrators to create, edit, pause, or delete a policy when permitted.
3722	P		
3723	P		Figure 3.12.15. SLA policy management
3724	P	Heading4	Step 16: Create an SLA Policy
3725	P		Select Create Policy to define the policy name, area, category, priority, response time, completion time, effective dates, and activation state, then save the policy.
3726	P		
3727	P		Figure 3.12.16. Create SLA policy form
3728	P	Heading3	3.13 Workflow 12: Notifications, Profile, and Personal Settings
3729	P		Description
3730	P		The Notifications, Profile, and Personal Settings workflow allows authenticated users to review recent system notifications and maintain the personal information exposed by the current UrbanMind account interface.
3731	P	Heading4	Step 1: Review System Notifications
3732	P		Select the notification bell to open recent notifications. Unread items can include incident assignments, rework requests, approval updates, or other workflow events. Select a notification to continue to the related work context.
3733	P		
3734	P		Figure 3.13.1. Recent system notifications
3735	P	Heading4	Step 2: Review and Update Personal Profile Information
3736	P		Open Profile from the account area to review supported account information. Update the full name, phone number, or contact address when required. The login email is displayed as the account identifier. Select Save Changes to synchronize the supported profile fields with the account.
3737	P		
3738	P		Figure 3.13.2. Personal profile information settings
3739	P		
